reward_case,slip_case,slip_enabled,slip_prob,seed,gamma,first_success_episode,final100_success_rate,final100_mean_episode_length,final100_mean_total_reward,final100_mean_base_total_reward,final100_mean_illegal_actions,final100_mean_illegal_pickups,final100_mean_illegal_dropoffs,final100_mean_slipped_actions,final100_mean_pickup_step,final100_mean_dropoff_after_pickup_steps
original,no_slip,False,0.2,3,0.99,0,1.0,28.44,-10.77,-10.77,0.37,0.19,0.18,0.0,20.46,7.98
original,no_slip,False,0.2,4,0.99,14,1.0,27.55,-10.06,-10.06,0.39,0.23,0.16,0.0,19.56,7.99
original,no_slip,False,0.2,8,0.99,25,1.0,30.28,-14.5,-14.5,0.58,0.29,0.29,0.0,22.18,8.1
original,no_slip,False,0.2,6,0.99,1,1.0,27.46,-10.87,-10.87,0.49,0.26,0.23,0.0,19.69,7.77
original,no_slip,False,0.2,7,0.99,3,1.0,29.23,-13.0,-13.0,0.53,0.27,0.26,0.0,21.13,8.1
original,no_slip,False,0.2,1,0.99,7,1.0,30.29,-13.07,-13.07,0.42,0.19,0.23,0.0,22.03,8.26
original,no_slip,False,0.2,2,0.99,62,1.0,26.46,-10.23,-10.23,0.53,0.24,0.29,0.0,18.3,8.16
original,no_slip,False,0.2,5,0.99,50,1.0,28.69,-11.47,-11.47,0.42,0.16,0.26,0.0,20.72,7.97
original,no_slip,False,0.2,9,0.99,42,1.0,27.88,-9.94,-9.94,0.34,0.18,0.16,0.0,19.83,8.05
original,no_slip,False,0.2,0,0.99,10,1.0,29.95,-12.19,-12.19,0.36,0.2,0.16,0.0,22.09,7.86
original,no_slip,False,0.2,10,0.99,19,1.0,30.46,-14.14,-14.14,0.52,0.28,0.24,0.0,22.28,8.18
original,no_slip,False,0.2,18,0.99,2,1.0,31.03,-13.54,-13.54,0.39,0.2,0.19,0.0,23.28,7.75
original,no_slip,False,0.2,13,0.99,41,1.0,28.81,-11.68,-11.68,0.43,0.26,0.17,0.0,20.94,7.87
original,no_slip,False,0.2,12,0.99,48,1.0,28.41,-10.92,-10.92,0.39,0.15,0.24,0.0,20.5,7.91
original,no_slip,False,0.2,11,0.99,11,1.0,29.22,-13.17,-13.17,0.55,0.26,0.29,0.0,21.17,8.05
original,no_slip,False,0.2,17,0.99,5,1.0,26.57,-10.61,-10.61,0.56,0.27,0.29,0.0,18.52,8.05
original,no_slip,False,0.2,20,0.99,24,1.0,27.35,-10.22,-10.22,0.43,0.19,0.24,0.0,19.55,7.8
original,no_slip,False,0.2,14,0.99,14,1.0,25.97,-8.12,-8.12,0.35,0.18,0.17,0.0,18.12,7.85
original,no_slip,False,0.2,21,0.99,5,1.0,27.21,-10.17,-10.17,0.44,0.17,0.27,0.0,19.23,7.98
original,no_slip,False,0.2,16,0.99,10,1.0,32.74,-17.23,-17.23,0.61,0.38,0.23,0.0,24.76,7.98
original,no_slip,False,0.2,15,0.99,50,1.0,29.36,-12.86,-12.86,0.5,0.26,0.24,0.0,21.37,7.99
original,no_slip,False,0.2,19,0.99,3,1.0,31.41,-13.74,-13.74,0.37,0.19,0.18,0.0,23.21,8.2
original,no_slip,False,0.2,24,0.99,43,1.0,27.43,-10.57,-10.57,0.46,0.3,0.16,0.0,19.24,8.19
original,no_slip,False,0.2,23,0.99,47,1.0,28.61,-11.39,-11.39,0.42,0.22,0.2,0.0,20.64,7.97
original,no_slip,False,0.2,26,0.99,1,1.0,28.92,-11.79,-11.79,0.43,0.2,0.23,0.0,21.09,7.83
original,no_slip,False,0.2,22,0.99,13,1.0,28.57,-11.53,-11.53,0.44,0.25,0.19,0.0,20.73,7.84
original,no_slip,False,0.2,28,0.99,28,1.0,28.88,-11.66,-11.66,0.42,0.24,0.18,0.0,21.0,7.88
original,no_slip,False,0.2,27,0.99,1,1.0,27.04,-10.9,-10.9,0.54,0.21,0.33,0.0,19.08,7.96
original,no_slip,False,0.2,25,0.99,54,1.0,30.24,-14.55,-14.55,0.59,0.34,0.25,0.0,22.47,7.77
original,no_slip,False,0.2,31,0.99,1,1.0,27.3,-10.53,-10.53,0.47,0.33,0.14,0.0,19.19,8.11
original,no_slip,False,0.2,32,0.99,15,1.0,28.57,-11.53,-11.53,0.44,0.23,0.21,0.0,20.65,7.92
original,no_slip,False,0.2,30,0.99,37,1.0,24.68,-6.38,-6.38,0.3,0.18,0.12,0.0,16.7,7.98
original,no_slip,False,0.2,29,0.99,2,1.0,29.29,-13.15,-13.15,0.54,0.3,0.24,0.0,21.08,8.21
original,no_slip,False,0.2,33,0.99,32,1.0,30.47,-14.87,-14.87,0.6,0.27,0.33,0.0,22.2,8.27
original,no_slip,False,0.2,35,0.99,80,1.0,28.63,-12.94,-12.94,0.59,0.22,0.37,0.0,20.67,7.96
original,no_slip,False,0.2,34,0.99,1,1.0,30.07,-13.48,-13.48,0.49,0.19,0.3,0.0,21.89,8.18
original,no_slip,False,0.2,36,0.99,50,1.0,26.7,-8.85,-8.85,0.35,0.16,0.19,0.0,18.85,7.85
original,no_slip,False,0.2,37,0.99,8,1.0,28.54,-11.86,-11.86,0.48,0.3,0.18,0.0,20.77,7.77
original,no_slip,False,0.2,38,0.99,12,1.0,29.56,-11.71,-11.71,0.35,0.2,0.15,0.0,21.46,8.1
original,no_slip,False,0.2,39,0.99,22,1.0,28.82,-12.41,-12.41,0.51,0.26,0.25,0.0,21.13,7.69
original,no_slip,False,0.2,40,0.99,0,1.0,27.64,-10.78,-10.78,0.46,0.23,0.23,0.0,19.63,8.01
original,no_slip,False,0.2,41,0.99,13,1.0,26.4,-8.91,-8.91,0.39,0.23,0.16,0.0,18.44,7.96
original,no_slip,False,0.2,42,0.99,25,1.0,31.97,-15.74,-15.74,0.53,0.22,0.31,0.0,23.96,8.01
original,no_slip,False,0.2,43,0.99,26,1.0,26.63,-9.41,-9.41,0.42,0.12,0.3,0.0,18.83,7.8
original,no_slip,False,0.2,44,0.99,1,1.0,30.99,-15.12,-15.12,0.57,0.19,0.38,0.0,23.1,7.89
original,no_slip,False,0.2,46,0.99,70,1.0,25.97,-9.47,-9.47,0.5,0.31,0.19,0.0,18.35,7.62
original,no_slip,False,0.2,47,0.99,22,1.0,27.34,-11.83,-11.83,0.61,0.22,0.39,0.0,19.41,7.93
original,no_slip,False,0.2,45,0.99,20,1.0,27.46,-9.79,-9.79,0.37,0.21,0.16,0.0,19.65,7.81
original,no_slip,False,0.2,50,0.99,47,1.0,24.84,-6.81,-6.81,0.33,0.18,0.15,0.0,16.88,7.96
original,no_slip,False,0.2,48,0.99,36,1.0,27.95,-11.63,-11.63,0.52,0.26,0.26,0.0,20.08,7.87
original,no_slip,False,0.2,49,0.99,78,1.0,30.38,-13.61,-13.61,0.47,0.29,0.18,0.0,22.44,7.94
original,no_slip,False,0.2,52,0.99,11,1.0,29.68,-12.82,-12.82,0.46,0.21,0.25,0.0,21.8,7.88
original,no_slip,False,0.2,51,0.99,4,1.0,30.03,-12.99,-12.99,0.44,0.25,0.19,0.0,22.37,7.66
original,no_slip,False,0.2,53,0.99,6,1.0,29.29,-12.88,-12.88,0.51,0.2,0.31,0.0,21.48,7.81
original,no_slip,False,0.2,54,0.99,2,1.0,27.72,-10.14,-10.14,0.38,0.2,0.18,0.0,19.6,8.12
original,no_slip,False,0.2,56,0.99,7,1.0,28.96,-11.83,-11.83,0.43,0.29,0.14,0.0,20.87,8.09
original,no_slip,False,0.2,55,0.99,27,1.0,29.84,-13.07,-13.07,0.47,0.28,0.19,0.0,21.98,7.86
original,no_slip,False,0.2,58,0.99,32,1.0,27.02,-10.25,-10.25,0.47,0.23,0.24,0.0,19.29,7.73
original,no_slip,False,0.2,57,0.99,21,1.0,28.69,-11.74,-11.74,0.45,0.31,0.14,0.0,20.66,8.03
original,no_slip,False,0.2,59,0.99,29,1.0,29.75,-13.07,-13.07,0.48,0.24,0.24,0.0,21.46,8.29
original,no_slip,False,0.2,60,0.99,27,1.0,29.46,-11.97,-11.97,0.39,0.21,0.18,0.0,21.49,7.97
original,no_slip,False,0.2,61,0.99,9,1.0,29.97,-13.29,-13.29,0.48,0.18,0.3,0.0,21.81,8.16
original,no_slip,False,0.2,64,0.99,9,1.0,26.37,-9.15,-9.15,0.42,0.18,0.24,0.0,18.48,7.89
original,no_slip,False,0.2,63,0.99,45,1.0,30.56,-13.61,-13.61,0.45,0.2,0.25,0.0,22.57,7.99
original,no_slip,False,0.2,62,0.99,7,1.0,26.5,-10.27,-10.27,0.53,0.27,0.26,0.0,18.63,7.87
original,no_slip,False,0.2,65,0.99,2,1.0,31.55,-15.05,-15.05,0.5,0.24,0.26,0.0,23.68,7.87
original,no_slip,False,0.2,66,0.99,3,1.0,28.15,-10.93,-10.93,0.42,0.24,0.18,0.0,20.21,7.94
original,no_slip,False,0.2,67,0.99,1,1.0,28.61,-10.85,-10.85,0.36,0.17,0.19,0.0,20.76,7.85
original,no_slip,False,0.2,69,0.99,38,1.0,30.97,-15.28,-15.28,0.59,0.33,0.26,0.0,23.1,7.87
original,no_slip,False,0.2,68,0.99,18,1.0,28.46,-10.97,-10.97,0.39,0.18,0.21,0.0,20.3,8.16
original,no_slip,False,0.2,71,0.99,28,1.0,26.61,-9.3,-9.3,0.41,0.21,0.2,0.0,18.35,8.26
original,no_slip,False,0.2,70,0.99,7,1.0,29.78,-12.38,-12.38,0.4,0.18,0.22,0.0,21.47,8.31
original,no_slip,False,0.2,72,0.99,13,1.0,24.67,-7.99,-7.99,0.48,0.29,0.19,0.0,16.69,7.98
original,no_slip,False,0.2,73,0.99,9,1.0,27.83,-10.79,-10.79,0.44,0.22,0.22,0.0,19.72,8.11
original,no_slip,False,0.2,76,0.99,6,1.0,28.96,-12.64,-12.64,0.52,0.24,0.28,0.0,20.86,8.1
original,no_slip,False,0.2,75,0.99,24,1.0,27.63,-10.05,-10.05,0.38,0.17,0.21,0.0,19.7,7.93
original,no_slip,False,0.2,74,0.99,17,1.0,27.54,-11.49,-11.49,0.55,0.28,0.27,0.0,19.52,8.02
original,no_slip,False,0.2,77,0.99,2,1.0,28.7,-12.83,-12.83,0.57,0.28,0.29,0.0,20.96,7.74
original,no_slip,False,0.2,78,0.99,51,1.0,28.01,-10.34,-10.34,0.37,0.12,0.25,0.0,20.46,7.55
original,no_slip,False,0.2,79,0.99,15,1.0,28.42,-11.65,-11.65,0.47,0.21,0.26,0.0,20.55,7.87
original,no_slip,False,0.2,80,0.99,12,1.0,26.87,-9.47,-9.47,0.4,0.17,0.23,0.0,18.93,7.94
original,no_slip,False,0.2,81,0.99,9,1.0,29.64,-12.51,-12.51,0.43,0.28,0.15,0.0,21.88,7.76
original,no_slip,False,0.2,84,0.99,18,1.0,27.53,-10.67,-10.67,0.46,0.18,0.28,0.0,19.43,8.1
original,no_slip,False,0.2,82,0.99,19,1.0,27.01,-9.43,-9.43,0.38,0.2,0.18,0.0,19.11,7.9
original,no_slip,False,0.2,83,0.99,9,1.0,26.95,-10.72,-10.72,0.53,0.28,0.25,0.0,18.95,8.0
original,no_slip,False,0.2,86,0.99,3,1.0,29.61,-13.83,-13.83,0.58,0.31,0.27,0.0,21.89,7.72
original,no_slip,False,0.2,87,0.99,3,1.0,28.25,-11.12,-11.12,0.43,0.23,0.2,0.0,20.42,7.83
original,no_slip,False,0.2,85,0.99,4,1.0,31.48,-15.43,-15.43,0.55,0.26,0.29,0.0,23.3,8.18
original,no_slip,False,0.2,88,0.99,2,1.0,25.32,-8.73,-8.73,0.49,0.3,0.19,0.0,17.34,7.98
original,no_slip,False,0.2,90,0.99,7,1.0,26.63,-8.42,-8.42,0.31,0.16,0.15,0.0,18.73,7.9
original,no_slip,False,0.2,89,0.99,47,1.0,30.09,-13.05,-13.05,0.44,0.2,0.24,0.0,21.76,8.33
original,no_slip,False,0.2,91,0.99,9,1.0,26.39,-8.36,-8.36,0.33,0.18,0.15,0.0,18.47,7.92
original,no_slip,False,0.2,92,0.99,5,1.0,27.71,-11.12,-11.12,0.49,0.25,0.24,0.0,20.03,7.68
original,no_slip,False,0.2,94,0.99,15,1.0,27.87,-10.83,-10.83,0.44,0.2,0.24,0.0,19.92,7.95
original,no_slip,False,0.2,95,0.99,18,1.0,25.48,-7.45,-7.45,0.33,0.2,0.13,0.0,17.77,7.71
original,no_slip,False,0.2,96,0.99,25,1.0,28.8,-12.39,-12.39,0.51,0.25,0.26,0.0,20.63,8.17
original,no_slip,False,0.2,93,0.99,89,1.0,30.3,-12.54,-12.54,0.36,0.19,0.17,0.0,22.34,7.96
original,no_slip,False,0.2,97,0.99,48,1.0,30.27,-14.22,-14.22,0.55,0.26,0.29,0.0,22.38,7.89
original,no_slip,False,0.2,98,0.99,38,1.0,25.8,-8.4,-8.4,0.4,0.15,0.25,0.0,18.1,7.7
original,no_slip,False,0.2,99,0.99,0,1.0,25.76,-8.9,-8.9,0.46,0.2,0.26,0.0,17.91,7.85
original,slip,True,0.2,0,0.99,35,0.97,56.92,-46.27,-46.27,1.08,0.57,0.51,10.96,40.865979381443296,11.628865979381443
original,slip,True,0.2,1,0.99,31,0.97,53.65,-42.28,-42.28,1.0,0.57,0.43,9.67,40.878787878787875,11.360824742268042
original,slip,True,0.2,4,0.99,8,0.98,52.7,-39.14,-39.14,0.78,0.37,0.41,9.74,38.734693877551024,10.959183673469388
original,slip,True,0.2,2,0.99,35,0.99,53.14,-39.28,-39.28,0.77,0.36,0.41,9.66,40.73737373737374,10.919191919191919
original,slip,True,0.2,3,0.99,3,0.97,54.21,-42.3,-42.3,0.94,0.5,0.44,10.04,40.204081632653065,11.123711340206185
original,slip,True,0.2,7,0.99,6,0.98,55.99,-43.87,-43.87,0.94,0.49,0.45,10.87,41.234693877551024,11.816326530612244
original,slip,True,0.2,5,0.99,7,0.99,50.99,-35.69,-35.69,0.61,0.28,0.33,9.97,38.676767676767675,10.808080808080808
original,slip,True,0.2,6,0.99,17,0.96,49.92,-36.24,-36.24,0.72,0.34,0.38,9.62,32.708333333333336,10.958333333333334
original,slip,True,0.2,9,0.99,2,0.97,46.97,-32.63,-32.63,0.67,0.39,0.28,8.64,30.90721649484536,11.329896907216495
original,slip,True,0.2,8,0.99,23,1.0,54.61,-41.08,-41.08,0.83,0.38,0.45,10.86,43.36,11.25
original,slip,True,0.2,10,0.99,20,0.96,60.86,-50.78,-50.78,1.12,0.64,0.48,11.72,45.43298969072165,11.125
original,slip,True,0.2,12,0.99,3,0.97,55.18,-42.37,-42.37,0.84,0.38,0.46,10.73,41.52040816326531,10.742268041237113
original,slip,True,0.2,13,0.99,3,0.99,53.75,-41.69,-41.69,0.97,0.46,0.51,10.01,41.0,11.272727272727273
original,slip,True,0.2,11,0.99,35,0.97,53.96,-41.33,-41.33,0.86,0.49,0.37,10.73,38.175257731958766,11.268041237113403
original,slip,True,0.2,15,0.99,2,0.99,50.3,-35.63,-35.63,0.68,0.42,0.26,9.44,37.57575757575758,11.212121212121213
original,slip,True,0.2,14,0.99,28,1.0,49.53,-36.81,-36.81,0.92,0.48,0.44,8.99,38.94,10.59
original,slip,True,0.2,18,0.99,7,0.98,55.63,-44.68,-44.68,1.07,0.54,0.53,10.83,42.05102040816327,10.63265306122449
original,slip,True,0.2,17,0.99,8,0.98,53.16,-40.68,-40.68,0.9,0.46,0.44,10.07,40.686868686868685,11.010204081632653
original,slip,True,0.2,16,0.99,7,1.0,60.99,-49.53,-49.53,1.06,0.51,0.55,11.51,50.2,10.79
original,slip,True,0.2,20,0.99,28,0.99,56.51,-43.73,-43.73,0.89,0.5,0.39,11.1,45.13,11.434343434343434
original,slip,True,0.2,19,0.99,24,0.98,52.78,-40.3,-40.3,0.9,0.45,0.45,10.01,40.42424242424242,10.948979591836734
original,slip,True,0.2,21,0.99,14,0.99,52.43,-39.11,-39.11,0.83,0.37,0.46,10.11,39.56565656565657,11.373737373737374
original,slip,True,0.2,23,0.99,16,0.99,50.83,-38.05,-38.05,0.89,0.47,0.42,9.87,38.343434343434346,10.97979797979798
original,slip,True,0.2,24,0.99,70,0.99,51.51,-36.39,-36.39,0.63,0.34,0.29,9.55,39.27272727272727,10.737373737373737
original,slip,True,0.2,25,0.99,0,0.99,57.08,-43.85,-43.85,0.84,0.26,0.58,10.32,46.73,10.424242424242424
original,slip,True,0.2,22,0.99,11,0.95,62.41,-50.74,-50.74,0.92,0.42,0.5,11.48,46.09375,10.68421052631579
original,slip,True,0.2,28,0.99,57,0.98,53.73,-41.97,-41.97,0.98,0.49,0.49,9.98,42.111111111111114,10.153061224489797
original,slip,True,0.2,29,0.99,29,0.99,50.23,-35.92,-35.92,0.72,0.34,0.38,9.49,37.08080808080808,11.636363636363637
original,slip,True,0.2,26,0.99,1,0.99,54.04,-41.17,-41.17,0.88,0.45,0.43,10.16,43.67,10.313131313131313
original,slip,True,0.2,27,0.99,28,0.99,45.38,-30.17,-30.17,0.62,0.34,0.28,8.72,32.98989898989899,10.828282828282829
original,slip,True,0.2,30,0.99,21,1.0,48.64,-34.21,-34.21,0.73,0.35,0.38,9.14,37.75,10.89
original,slip,True,0.2,31,0.99,1,0.98,49.53,-36.87,-36.87,0.88,0.42,0.46,9.21,35.37755102040816,11.081632653061224
original,slip,True,0.2,32,0.99,21,0.94,57.1,-46.36,-46.36,1.0,0.5,0.5,10.74,37.148936170212764,10.829787234042554
original,slip,True,0.2,34,0.99,8,0.96,54.43,-42.91,-42.91,0.96,0.4,0.56,9.89,39.628865979381445,10.333333333333334
original,slip,True,0.2,33,0.99,32,0.99,50.36,-36.23,-36.23,0.74,0.32,0.42,9.35,37.84848484848485,11.0
original,slip,True,0.2,37,0.99,8,0.96,51.39,-40.32,-40.32,1.01,0.51,0.5,9.6,35.15625,10.041666666666666
original,slip,True,0.2,39,0.99,10,0.96,55.69,-43.99,-43.99,0.94,0.41,0.53,10.69,41.98979591836735,10.760416666666666
original,slip,True,0.2,35,0.99,23,0.98,51.43,-38.77,-38.77,0.88,0.39,0.49,9.61,37.90816326530612,10.489795918367347
original,slip,True,0.2,36,0.99,3,0.98,55.47,-43.17,-43.17,0.92,0.45,0.47,10.32,43.64646464646464,10.46938775510204
original,slip,True,0.2,38,0.99,44,0.95,61.98,-50.94,-50.94,0.99,0.58,0.41,12.11,43.98947368421052,10.726315789473684
original,slip,True,0.2,40,0.99,23,0.98,48.16,-35.5,-35.5,0.88,0.43,0.45,9.17,33.816326530612244,11.244897959183673
original,slip,True,0.2,41,0.99,42,0.99,57.12,-42.9,-42.9,0.73,0.33,0.4,10.97,45.15151515151515,10.525252525252526
original,slip,True,0.2,42,0.99,22,0.96,56.97,-44.19,-44.19,0.82,0.5,0.32,10.61,41.350515463917525,11.197916666666666
original,slip,True,0.2,43,0.99,12,0.99,44.4,-29.82,-29.82,0.69,0.34,0.35,8.03,33.6,10.868686868686869
original,slip,True,0.2,45,0.99,13,0.99,47.73,-34.05,-34.05,0.79,0.36,0.43,8.75,37.0,10.707070707070708
original,slip,True,0.2,44,0.99,8,1.0,56.77,-43.15,-43.15,0.82,0.51,0.31,10.69,45.91,10.86
original,slip,True,0.2,46,0.99,13,1.0,48.08,-33.29,-33.29,0.69,0.34,0.35,9.1,37.65,10.43
original,slip,True,0.2,50,0.99,26,0.99,48.9,-35.85,-35.85,0.86,0.4,0.46,9.14,37.14141414141414,10.232323232323232
original,slip,True,0.2,48,0.99,6,0.98,54.34,-41.23,-41.23,0.83,0.43,0.4,10.57,40.13265306122449,11.23469387755102
original,slip,True,0.2,47,0.99,31,0.98,50.34,-38.94,-38.94,1.02,0.52,0.5,9.16,36.3469387755102,10.938775510204081
original,slip,True,0.2,49,0.99,33,0.99,52.57,-39.07,-39.07,0.81,0.4,0.41,9.84,40.09090909090909,10.98989898989899
original,slip,True,0.2,51,0.99,25,0.98,54.69,-42.39,-42.39,0.92,0.54,0.38,10.47,40.92857142857143,10.795918367346939
original,slip,True,0.2,52,0.99,20,0.97,56.4,-43.32,-43.32,0.81,0.41,0.4,10.19,44.494949494949495,10.515463917525773
original,slip,True,0.2,53,0.99,21,1.0,46.9,-32.02,-32.02,0.68,0.39,0.29,8.55,35.78,11.12
original,slip,True,0.2,54,0.99,22,0.97,53.72,-41.63,-41.63,0.92,0.54,0.38,9.91,41.23232323232323,11.072164948453608
original,slip,True,0.2,55,0.99,14,0.99,55.94,-43.79,-43.79,0.96,0.51,0.45,10.56,43.333333333333336,11.151515151515152
original,slip,True,0.2,56,0.99,7,0.97,51.66,-37.95,-37.95,0.74,0.35,0.39,9.82,35.70103092783505,11.371134020618557
original,slip,True,0.2,58,0.99,1,0.99,51.32,-39.35,-39.35,0.98,0.49,0.49,9.9,39.343434343434346,10.474747474747474
original,slip,True,0.2,59,0.99,9,0.98,50.21,-36.65,-36.65,0.78,0.44,0.34,9.35,35.69387755102041,11.459183673469388
original,slip,True,0.2,60,0.99,3,0.97,58.36,-47.62,-47.62,1.07,0.48,0.59,10.92,44.47959183673469,10.97938144329897
original,slip,True,0.2,57,0.99,11,0.99,57.07,-44.92,-44.92,0.96,0.47,0.49,11.37,46.61,10.535353535353535
original,slip,True,0.2,61,0.99,26,0.96,55.35,-43.65,-43.65,0.94,0.5,0.44,10.78,38.510416666666664,10.8125
original,slip,True,0.2,62,0.99,39,0.97,51.21,-38.49,-38.49,0.85,0.43,0.42,9.7,35.56701030927835,11.041237113402062
original,slip,True,0.2,63,0.99,37,0.98,52.11,-38.01,-38.01,0.72,0.4,0.32,9.84,39.63636363636363,11.040816326530612
original,slip,True,0.2,64,0.99,4,0.99,43.53,-28.05,-28.05,0.59,0.27,0.32,8.29,31.01010101010101,10.93939393939394
original,slip,True,0.2,65,0.99,21,0.94,59.53,-47.53,-47.53,0.86,0.44,0.42,11.66,42.739583333333336,11.02127659574468
original,slip,True,0.2,66,0.99,30,0.96,57.51,-47.34,-47.34,1.11,0.66,0.45,10.73,40.791666666666664,10.78125
original,slip,True,0.2,67,0.99,42,0.97,52.68,-39.33,-39.33,0.78,0.31,0.47,9.62,40.474747474747474,10.835051546391753
original,slip,True,0.2,69,0.99,19,0.97,52.75,-39.4,-39.4,0.78,0.32,0.46,10.01,37.44329896907217,10.75257731958763
original,slip,True,0.2,68,0.99,26,0.97,52.4,-40.4,-40.4,0.93,0.47,0.46,9.89,40.38383838383838,10.525773195876289
original,slip,True,0.2,70,0.99,7,0.98,53.28,-40.8,-40.8,0.9,0.46,0.44,9.69,40.02020202020202,11.887755102040817
original,slip,True,0.2,71,0.99,19,1.0,54.0,-41.64,-41.64,0.96,0.46,0.5,10.26,42.26,11.74
original,slip,True,0.2,72,0.99,11,1.0,43.31,-28.25,-28.25,0.66,0.34,0.32,8.24,32.36,10.95
original,slip,True,0.2,74,0.99,20,0.98,51.76,-39.1,-39.1,0.88,0.44,0.44,9.86,37.45918367346939,11.275510204081632
original,slip,True,0.2,73,0.99,19,0.98,59.38,-48.25,-48.25,1.05,0.54,0.51,11.1,45.142857142857146,11.36734693877551
original,slip,True,0.2,75,0.99,41,0.98,50.7,-36.96,-36.96,0.76,0.34,0.42,9.56,37.33673469387755,10.316326530612244
original,slip,True,0.2,76,0.99,68,0.98,55.8,-42.87,-42.87,0.85,0.48,0.37,11.47,42.96969696969697,11.39795918367347
original,slip,True,0.2,78,0.99,4,0.97,48.91,-35.47,-35.47,0.77,0.3,0.47,9.17,33.876288659793815,10.360824742268042
original,slip,True,0.2,80,0.99,12,0.99,49.33,-36.46,-36.46,0.88,0.47,0.41,9.03,37.292929292929294,10.515151515151516
original,slip,True,0.2,79,0.99,8,0.97,54.8,-41.63,-41.63,0.8,0.41,0.39,10.54,41.69387755102041,10.1340206185567
original,slip,True,0.2,77,0.99,16,0.94,63.14,-52.49,-52.49,1.01,0.47,0.54,12.33,44.329787234042556,10.074468085106384
original,slip,True,0.2,83,0.99,5,0.99,44.88,-30.75,-30.75,0.74,0.43,0.31,8.02,34.26,10.626262626262626
original,slip,True,0.2,81,0.99,3,0.99,51.22,-38.08,-38.08,0.85,0.51,0.34,9.23,39.343434343434346,10.373737373737374
original,slip,True,0.2,82,0.99,46,0.96,56.16,-44.91,-44.91,0.99,0.53,0.46,10.92,40.350515463917525,11.385416666666666
original,slip,True,0.2,85,0.99,0,0.95,62.87,-52.01,-52.01,1.01,0.6,0.41,12.23,44.49473684210526,11.157894736842104
original,slip,True,0.2,84,0.99,1,0.96,63.04,-53.41,-53.41,1.17,0.61,0.56,12.29,45.333333333333336,12.0
original,slip,True,0.2,86,0.99,3,0.95,52.48,-41.26,-41.26,0.97,0.46,0.51,9.98,40.39393939393939,10.852631578947369
original,slip,True,0.2,87,0.99,0,0.97,52.42,-39.61,-39.61,0.84,0.4,0.44,10.02,36.824742268041234,11.030927835051546
original,slip,True,0.2,88,0.99,25,1.0,43.35,-27.57,-27.57,0.58,0.31,0.27,8.26,31.8,11.55
original,slip,True,0.2,89,0.99,33,0.99,53.76,-41.07,-41.07,0.9,0.42,0.48,9.79,42.41,11.303030303030303
original,slip,True,0.2,92,0.99,0,0.95,52.22,-40.64,-40.64,0.93,0.44,0.49,9.93,33.68421052631579,10.757894736842106
original,slip,True,0.2,90,0.99,41,0.98,47.78,-33.68,-33.68,0.72,0.36,0.36,9.23,35.09090909090909,11.10204081632653
original,slip,True,0.2,91,0.99,66,0.99,51.05,-36.2,-36.2,0.66,0.25,0.41,9.52,40.23,10.787878787878787
original,slip,True,0.2,94,0.99,42,0.99,54.62,-41.66,-41.66,0.87,0.52,0.35,10.52,42.303030303030305,10.848484848484848
original,slip,True,0.2,93,0.99,3,0.98,53.66,-39.56,-39.56,0.72,0.39,0.33,10.27,41.717171717171716,10.53061224489796
original,slip,True,0.2,95,0.99,19,1.0,45.96,-31.89,-31.89,0.77,0.35,0.42,8.17,35.14,10.82
original,slip,True,0.2,96,0.99,22,1.0,48.23,-33.62,-33.62,0.71,0.44,0.27,8.31,37.51,10.72
original,slip,True,0.2,97,0.99,1,0.95,55.26,-41.43,-41.43,0.68,0.33,0.35,10.56,38.375,10.905263157894737
no_step_penalty,no_slip,False,0.2,0,0.99,10,1.0,13.91,18.5,5.74,0.15,0.07,0.08,0.0,6.01,7.9
no_step_penalty,no_slip,False,0.2,1,0.99,4,1.0,16.33,17.6,2.51,0.24,0.14,0.1,0.0,7.54,8.79
no_step_penalty,no_slip,False,0.2,4,0.99,13,1.0,14.28,17.3,4.29,0.27,0.13,0.14,0.0,6.26,8.02
original,slip,True,0.2,98,0.99,11,0.99,48.49,-34.18,-34.18,0.72,0.32,0.4,9.19,37.92,10.656565656565656
no_step_penalty,no_slip,False,0.2,3,0.99,0,1.0,15.2,18.1,4.09,0.19,0.09,0.1,0.0,7.17,8.03
no_step_penalty,no_slip,False,0.2,2,0.99,2,1.0,14.08,18.5,5.57,0.15,0.08,0.07,0.0,5.87,8.21
no_step_penalty,no_slip,False,0.2,5,0.99,40,1.0,15.38,18.0,3.82,0.2,0.11,0.09,0.0,7.14,8.24
no_step_penalty,no_slip,False,0.2,7,0.99,3,1.0,14.94,18.2,4.44,0.18,0.09,0.09,0.0,6.69,8.25
no_step_penalty,no_slip,False,0.2,6,0.99,1,1.0,14.98,17.8,4.04,0.22,0.1,0.12,0.0,7.09,7.89
no_step_penalty,no_slip,False,0.2,8,0.99,19,0.92,37.27,12.5,-23.26,0.59,0.33,0.26,0.0,17.086021505376344,7.934782608695652
original,slip,True,0.2,99,0.99,0,0.97,49.51,-36.43,-36.43,0.81,0.42,0.39,9.44,34.20618556701031,10.649484536082474
no_step_penalty,no_slip,False,0.2,9,0.99,16,1.0,14.34,17.7,4.59,0.23,0.11,0.12,0.0,6.13,8.21
no_step_penalty,no_slip,False,0.2,14,0.99,14,1.0,14.25,17.4,4.41,0.26,0.11,0.15,0.0,6.52,7.73
no_step_penalty,no_slip,False,0.2,13,0.99,13,1.0,15.03,18.1,4.26,0.19,0.14,0.05,0.0,6.99,8.04
no_step_penalty,no_slip,False,0.2,10,0.99,26,1.0,14.55,17.1,3.84,0.29,0.14,0.15,0.0,6.48,8.07
no_step_penalty,no_slip,False,0.2,12,0.99,20,1.0,14.43,18.1,4.86,0.19,0.12,0.07,0.0,6.5,7.93
no_step_penalty,no_slip,False,0.2,11,0.99,12,1.0,14.85,18.1,4.44,0.19,0.08,0.11,0.0,6.89,7.96
no_step_penalty,no_slip,False,0.2,17,0.99,5,1.0,13.96,18.6,5.78,0.14,0.07,0.07,0.0,6.1,7.86
no_step_penalty,no_slip,False,0.2,16,0.99,13,1.0,15.68,17.6,3.16,0.24,0.1,0.14,0.0,7.64,8.04
no_step_penalty,no_slip,False,0.2,18,0.99,2,1.0,14.42,17.4,4.24,0.26,0.18,0.08,0.0,6.64,7.78
no_step_penalty,no_slip,False,0.2,19,0.99,3,1.0,14.54,17.6,4.3,0.24,0.15,0.09,0.0,6.35,8.19
no_step_penalty,no_slip,False,0.2,20,0.99,43,1.0,14.31,17.8,4.71,0.22,0.12,0.1,0.0,6.05,8.26
no_step_penalty,no_slip,False,0.2,15,0.99,13,1.0,15.41,17.6,3.43,0.24,0.12,0.12,0.0,7.59,7.82
no_step_penalty,no_slip,False,0.2,21,0.99,13,1.0,14.34,17.7,4.59,0.23,0.13,0.1,0.0,6.45,7.89
no_step_penalty,no_slip,False,0.2,22,0.99,13,1.0,14.58,18.4,4.98,0.16,0.1,0.06,0.0,6.63,7.95
no_step_penalty,no_slip,False,0.2,25,0.99,9,1.0,14.36,18.3,5.11,0.17,0.09,0.08,0.0,6.43,7.93
no_step_penalty,no_slip,False,0.2,23,0.99,34,1.0,14.56,17.6,4.28,0.24,0.15,0.09,0.0,6.47,8.09
no_step_penalty,no_slip,False,0.2,24,0.99,31,0.99,19.63,16.3,-1.99,0.35,0.15,0.2,0.0,9.464646464646465,8.343434343434344
no_step_penalty,no_slip,False,0.2,26,0.99,1,1.0,14.39,17.7,4.54,0.23,0.1,0.13,0.0,6.39,8.0
no_step_penalty,no_slip,False,0.2,31,0.99,1,1.0,14.01,18.3,5.46,0.17,0.12,0.05,0.0,5.93,8.08
no_step_penalty,no_slip,False,0.2,28,0.99,27,1.0,14.48,18.1,4.81,0.19,0.09,0.1,0.0,6.36,8.12
no_step_penalty,no_slip,False,0.2,29,0.99,26,1.0,14.22,18.3,5.25,0.17,0.07,0.1,0.0,6.12,8.1
no_step_penalty,no_slip,False,0.2,27,0.99,1,1.0,16.27,17.3,2.3,0.27,0.2,0.07,0.0,7.76,8.51
no_step_penalty,no_slip,False,0.2,30,0.99,7,1.0,15.04,18.0,4.16,0.2,0.1,0.1,0.0,6.65,8.39
no_step_penalty,no_slip,False,0.2,33,0.99,18,1.0,15.42,17.4,3.24,0.26,0.15,0.11,0.0,7.28,8.14
no_step_penalty,no_slip,False,0.2,32,0.99,7,1.0,14.95,18.4,4.61,0.16,0.08,0.08,0.0,7.0,7.95
no_step_penalty,no_slip,False,0.2,35,0.99,12,1.0,14.45,17.9,4.66,0.21,0.15,0.06,0.0,6.2,8.25
no_step_penalty,no_slip,False,0.2,36,0.99,38,1.0,14.71,17.4,3.95,0.26,0.12,0.14,0.0,6.79,7.92
no_step_penalty,no_slip,False,0.2,34,0.99,1,1.0,14.94,17.9,4.17,0.21,0.1,0.11,0.0,6.93,8.01
no_step_penalty,no_slip,False,0.2,40,0.99,0,1.0,14.69,17.8,4.33,0.22,0.11,0.11,0.0,6.62,8.07
no_step_penalty,no_slip,False,0.2,39,0.99,22,1.0,14.14,17.4,4.52,0.26,0.18,0.08,0.0,6.31,7.83
no_step_penalty,no_slip,False,0.2,38,0.99,5,1.0,15.07,16.5,2.78,0.35,0.14,0.21,0.0,6.75,8.32
no_step_penalty,no_slip,False,0.2,37,0.99,8,1.0,15.34,17.2,3.14,0.28,0.12,0.16,0.0,6.98,8.36
no_step_penalty,no_slip,False,0.2,41,0.99,27,1.0,14.12,17.9,4.99,0.21,0.11,0.1,0.0,6.23,7.89
no_step_penalty,no_slip,False,0.2,42,0.99,11,1.0,16.16,17.1,2.23,0.29,0.14,0.15,0.0,8.24,7.92
no_step_penalty,no_slip,False,0.2,44,0.99,1,1.0,15.03,18.1,4.26,0.19,0.1,0.09,0.0,7.07,7.96
no_step_penalty,no_slip,False,0.2,43,0.99,15,1.0,13.96,17.7,4.97,0.23,0.16,0.07,0.0,6.18,7.78
no_step_penalty,no_slip,False,0.2,45,0.99,19,1.0,14.55,17.6,4.29,0.24,0.15,0.09,0.0,6.57,7.98
no_step_penalty,no_slip,False,0.2,49,0.99,12,1.0,14.81,17.1,3.58,0.29,0.13,0.16,0.0,6.79,8.02
no_step_penalty,no_slip,False,0.2,47,0.99,31,1.0,14.29,18.3,5.18,0.17,0.07,0.1,0.0,6.39,7.9
no_step_penalty,no_slip,False,0.2,46,0.99,13,1.0,14.24,17.5,4.51,0.25,0.14,0.11,0.0,6.13,8.11
no_step_penalty,no_slip,False,0.2,52,0.99,24,1.0,14.47,17.8,4.55,0.22,0.11,0.11,0.0,6.52,7.95
no_step_penalty,no_slip,False,0.2,48,0.99,14,1.0,14.78,17.8,4.24,0.22,0.08,0.14,0.0,6.74,8.04
no_step_penalty,no_slip,False,0.2,50,0.99,32,1.0,14.28,17.8,4.74,0.22,0.11,0.11,0.0,6.55,7.73
no_step_penalty,no_slip,False,0.2,51,0.99,9,1.0,14.97,17.9,4.14,0.21,0.11,0.1,0.0,7.27,7.7
no_step_penalty,no_slip,False,0.2,54,0.99,2,1.0,14.39,17.1,4.0,0.29,0.19,0.1,0.0,6.31,8.08
no_step_penalty,no_slip,False,0.2,53,0.99,6,1.0,14.78,17.6,4.06,0.24,0.13,0.11,0.0,6.83,7.95
no_step_penalty,no_slip,False,0.2,55,0.99,30,1.0,16.47,17.6,2.37,0.24,0.14,0.1,0.0,8.08,8.39
no_step_penalty,no_slip,False,0.2,57,0.99,12,1.0,15.35,17.9,3.76,0.21,0.1,0.11,0.0,7.01,8.34
no_step_penalty,no_slip,False,0.2,60,0.99,6,1.0,14.67,17.8,4.35,0.22,0.14,0.08,0.0,6.52,8.15
no_step_penalty,no_slip,False,0.2,56,0.99,95,1.0,15.82,16.1,1.67,0.39,0.23,0.16,0.0,7.29,8.53
no_step_penalty,no_slip,False,0.2,58,0.99,6,1.0,14.02,17.9,5.09,0.21,0.12,0.09,0.0,6.38,7.64
no_step_penalty,no_slip,False,0.2,61,0.99,14,1.0,14.56,18.6,5.18,0.14,0.1,0.04,0.0,6.64,7.92
no_step_penalty,no_slip,False,0.2,59,0.99,40,1.0,14.95,17.6,3.89,0.24,0.12,0.12,0.0,6.78,8.17
no_step_penalty,no_slip,False,0.2,63,0.99,46,1.0,14.31,17.8,4.71,0.22,0.12,0.1,0.0,6.48,7.83
no_step_penalty,no_slip,False,0.2,62,0.99,36,1.0,14.67,18.0,4.53,0.2,0.12,0.08,0.0,6.78,7.89
no_step_penalty,no_slip,False,0.2,64,0.99,9,1.0,14.14,18.1,5.15,0.19,0.09,0.1,0.0,6.37,7.77
no_step_penalty,no_slip,False,0.2,65,0.99,2,1.0,14.25,18.2,5.13,0.18,0.11,0.07,0.0,6.36,7.89
no_step_penalty,no_slip,False,0.2,66,0.99,3,1.0,14.02,18.4,5.54,0.16,0.1,0.06,0.0,6.24,7.78
no_step_penalty,no_slip,False,0.2,67,0.99,1,1.0,14.57,17.6,4.27,0.24,0.08,0.16,0.0,6.83,7.74
no_step_penalty,no_slip,False,0.2,69,0.99,9,1.0,15.09,17.4,3.57,0.26,0.12,0.14,0.0,6.85,8.24
no_step_penalty,no_slip,False,0.2,70,0.99,40,1.0,15.31,17.7,3.62,0.23,0.08,0.15,0.0,6.87,8.44
no_step_penalty,no_slip,False,0.2,72,0.99,22,1.0,14.13,18.7,5.7,0.13,0.08,0.05,0.0,6.08,8.05
no_step_penalty,no_slip,False,0.2,68,0.99,11,1.0,14.68,18.0,4.52,0.2,0.08,0.12,0.0,6.25,8.43
no_step_penalty,no_slip,False,0.2,74,0.99,13,1.0,14.27,18.5,5.38,0.15,0.07,0.08,0.0,6.2,8.07
no_step_penalty,no_slip,False,0.2,73,0.99,23,1.0,14.9,17.9,4.21,0.21,0.1,0.11,0.0,6.87,8.03
no_step_penalty,no_slip,False,0.2,71,0.99,20,1.0,14.92,17.5,3.83,0.25,0.12,0.13,0.0,6.65,8.27
no_step_penalty,no_slip,False,0.2,75,0.99,13,1.0,14.14,18.4,5.42,0.16,0.09,0.07,0.0,6.25,7.89
no_step_penalty,no_slip,False,0.2,76,0.99,12,1.0,15.29,18.0,3.91,0.2,0.11,0.09,0.0,7.19,8.1
no_step_penalty,no_slip,False,0.2,77,0.99,2,1.0,15.38,18.2,4.0,0.18,0.11,0.07,0.0,7.36,8.02
no_step_penalty,no_slip,False,0.2,78,0.99,27,1.0,14.92,16.6,3.02,0.34,0.16,0.18,0.0,6.88,8.04
no_step_penalty,no_slip,False,0.2,79,0.99,46,1.0,15.4,18.3,4.07,0.17,0.05,0.12,0.0,7.16,8.24
no_step_penalty,no_slip,False,0.2,83,0.99,9,1.0,14.48,17.3,4.09,0.27,0.14,0.13,0.0,6.47,8.01
no_step_penalty,no_slip,False,0.2,82,0.99,22,1.0,14.86,18.6,4.88,0.14,0.09,0.05,0.0,6.65,8.21
no_step_penalty,no_slip,False,0.2,80,0.99,14,1.0,15.02,18.0,4.18,0.2,0.13,0.07,0.0,7.0,8.02
no_step_penalty,no_slip,False,0.2,86,0.99,28,1.0,14.32,17.8,4.7,0.22,0.14,0.08,0.0,6.61,7.71
no_step_penalty,no_slip,False,0.2,84,0.99,14,1.0,14.63,17.5,4.12,0.25,0.12,0.13,0.0,6.54,8.09
no_step_penalty,no_slip,False,0.2,81,0.99,27,1.0,15.84,17.3,2.73,0.27,0.13,0.14,0.0,7.64,8.2
no_step_penalty,no_slip,False,0.2,85,0.99,4,1.0,14.69,18.0,4.51,0.2,0.14,0.06,0.0,6.5,8.19
no_step_penalty,no_slip,False,0.2,87,0.99,3,1.0,14.34,18.8,5.58,0.12,0.05,0.07,0.0,6.5,7.84
no_step_penalty,no_slip,False,0.2,88,0.99,2,1.0,14.06,17.7,4.87,0.23,0.12,0.11,0.0,6.11,7.95
no_step_penalty,no_slip,False,0.2,89,0.99,43,1.0,15.02,17.6,3.82,0.24,0.16,0.08,0.0,6.62,8.4
no_step_penalty,no_slip,False,0.2,93,0.99,24,1.0,14.44,17.5,4.31,0.25,0.13,0.12,0.0,6.5,7.94
no_step_penalty,no_slip,False,0.2,90,0.99,7,1.0,14.91,18.0,4.29,0.2,0.11,0.09,0.0,6.43,8.48
no_step_penalty,no_slip,False,0.2,94,0.99,16,1.0,14.92,16.9,3.29,0.31,0.19,0.12,0.0,6.94,7.98
no_step_penalty,no_slip,False,0.2,92,0.99,10,1.0,13.89,17.2,4.59,0.28,0.13,0.15,0.0,6.21,7.68
no_step_penalty,no_slip,False,0.2,95,0.99,18,1.0,14.25,17.8,4.77,0.22,0.11,0.11,0.0,6.38,7.87
no_step_penalty,no_slip,False,0.2,91,0.99,9,1.0,14.32,17.7,4.61,0.23,0.14,0.09,0.0,6.38,7.94
no_step_penalty,no_slip,False,0.2,96,0.99,7,1.0,16.27,17.7,2.66,0.23,0.09,0.14,0.0,7.92,8.35
no_step_penalty,no_slip,False,0.2,97,0.99,16,1.0,14.73,17.8,4.29,0.22,0.09,0.13,0.0,6.72,8.01
no_step_penalty,no_slip,False,0.2,99,0.99,0,1.0,13.91,18.7,5.92,0.13,0.05,0.08,0.0,6.09,7.82
no_step_penalty,no_slip,False,0.2,98,0.99,8,1.0,15.1,17.9,4.01,0.21,0.1,0.11,0.0,6.72,8.38
no_step_penalty,slip,True,0.2,0,0.99,10,1.0,22.99,16.5,-5.14,0.35,0.19,0.16,4.02,11.32,11.67
no_step_penalty,slip,True,0.2,1,0.99,5,1.0,23.2,16.8,-5.08,0.32,0.21,0.11,4.09,10.96,12.24
no_step_penalty,slip,True,0.2,3,0.99,3,1.0,21.94,15.4,-5.08,0.46,0.25,0.21,4.01,10.55,11.39
no_step_penalty,slip,True,0.2,4,0.99,7,1.0,20.48,16.5,-2.63,0.35,0.14,0.21,3.47,9.99,10.49
no_step_penalty,slip,True,0.2,7,0.99,4,1.0,21.02,16.4,-3.26,0.36,0.16,0.2,3.8,10.31,10.71
no_step_penalty,slip,True,0.2,5,0.99,35,1.0,28.67,15.4,-11.81,0.46,0.25,0.21,5.2,17.72,10.95
no_step_penalty,slip,True,0.2,8,0.99,25,1.0,24.86,17.1,-6.47,0.29,0.1,0.19,4.89,12.82,12.04
no_step_penalty,slip,True,0.2,6,0.99,7,1.0,22.97,15.8,-5.75,0.42,0.24,0.18,3.98,12.15,10.82
no_step_penalty,slip,True,0.2,2,0.99,120,1.0,22.08,16.6,-4.14,0.34,0.15,0.19,3.82,10.15,11.93
no_step_penalty,slip,True,0.2,9,0.99,2,1.0,23.61,16.3,-5.94,0.37,0.21,0.16,4.31,12.45,11.16
no_step_penalty,slip,True,0.2,10,0.99,10,1.0,21.85,17.5,-3.1,0.25,0.11,0.14,3.65,10.98,10.87
no_step_penalty,slip,True,0.2,11,0.99,18,1.0,22.57,15.0,-6.07,0.5,0.26,0.24,4.28,10.95,11.62
no_step_penalty,slip,True,0.2,12,0.99,3,1.0,21.4,16.9,-3.19,0.31,0.16,0.15,3.83,10.08,11.32
no_step_penalty,slip,True,0.2,13,0.99,4,1.0,22.36,17.1,-3.97,0.29,0.11,0.18,3.84,11.35,11.01
no_step_penalty,slip,True,0.2,17,0.99,8,1.0,19.93,17.5,-1.18,0.25,0.14,0.11,3.63,8.59,11.34
no_step_penalty,slip,True,0.2,14,0.99,14,1.0,20.22,17.5,-1.47,0.25,0.13,0.12,3.42,9.59,10.63
no_step_penalty,slip,True,0.2,18,0.99,8,1.0,20.4,16.7,-2.37,0.33,0.15,0.18,3.75,9.64,10.76
no_step_penalty,slip,True,0.2,15,0.99,2,0.98,28.52,15.2,-11.9,0.44,0.23,0.21,5.14,13.63265306122449,11.387755102040817
no_step_penalty,slip,True,0.2,16,0.99,36,1.0,23.48,15.5,-6.53,0.45,0.24,0.21,4.09,12.17,11.31
no_step_penalty,slip,True,0.2,20,0.99,40,1.0,21.07,17.7,-2.14,0.23,0.14,0.09,4.0,9.25,11.82
no_step_penalty,slip,True,0.2,19,0.99,13,1.0,21.09,16.8,-2.97,0.32,0.16,0.16,3.76,9.68,11.41
no_step_penalty,slip,True,0.2,21,0.99,13,1.0,21.4,16.7,-3.37,0.33,0.16,0.17,3.8,10.7,10.7
no_step_penalty,slip,True,0.2,22,0.99,12,1.0,20.09,17.6,-1.25,0.24,0.09,0.15,3.43,9.4,10.69
no_step_penalty,slip,True,0.2,23,0.99,26,1.0,20.4,16.4,-2.64,0.36,0.18,0.18,3.74,9.26,11.14
no_step_penalty,slip,True,0.2,26,0.99,1,1.0,20.12,17.3,-1.55,0.27,0.12,0.15,3.44,9.46,10.66
no_step_penalty,slip,True,0.2,24,0.99,24,1.0,19.56,17.4,-0.9,0.26,0.18,0.08,3.41,8.34,11.22
no_step_penalty,slip,True,0.2,25,0.99,0,1.0,21.38,16.3,-3.71,0.37,0.21,0.16,3.57,10.45,10.93
no_step_penalty,slip,True,0.2,27,0.99,7,1.0,20.43,16.2,-2.85,0.38,0.23,0.15,3.44,9.15,11.28
no_step_penalty,slip,True,0.2,28,0.99,14,1.0,20.74,16.6,-2.8,0.34,0.21,0.13,3.49,10.53,10.21
no_step_penalty,slip,True,0.2,30,0.99,7,1.0,21.46,17.7,-2.53,0.23,0.12,0.11,3.97,10.53,10.93
no_step_penalty,slip,True,0.2,29,0.99,35,1.0,22.1,16.6,-4.16,0.34,0.2,0.14,3.61,10.69,11.41
no_step_penalty,slip,True,0.2,31,0.99,1,1.0,21.89,16.3,-4.22,0.37,0.2,0.17,3.77,10.49,11.4
no_step_penalty,slip,True,0.2,32,0.99,30,1.0,20.3,16.8,-2.18,0.32,0.18,0.14,3.58,9.63,10.67
no_step_penalty,slip,True,0.2,33,0.99,18,1.0,23.4,16.9,-5.19,0.31,0.17,0.14,4.19,12.27,11.13
no_step_penalty,slip,True,0.2,34,0.99,10,1.0,22.36,17.2,-3.88,0.28,0.16,0.12,3.95,11.21,11.15
no_step_penalty,slip,True,0.2,35,0.99,8,1.0,22.1,16.6,-4.16,0.34,0.16,0.18,4.14,10.21,11.89
no_step_penalty,slip,True,0.2,37,0.99,8,1.0,20.19,17.1,-1.8,0.29,0.09,0.2,3.61,9.74,10.45
no_step_penalty,slip,True,0.2,36,0.99,3,1.0,24.76,16.7,-6.73,0.33,0.15,0.18,4.37,14.01,10.75
no_step_penalty,slip,True,0.2,38,0.99,84,1.0,22.01,16.8,-3.89,0.32,0.22,0.1,4.24,10.13,11.88
no_step_penalty,slip,True,0.2,39,0.99,42,1.0,21.73,16.8,-3.61,0.32,0.18,0.14,3.67,11.1,10.63
no_step_penalty,slip,True,0.2,40,0.99,50,1.0,22.45,16.4,-4.69,0.36,0.14,0.22,4.04,11.42,11.03
no_step_penalty,slip,True,0.2,41,0.99,5,1.0,21.79,16.7,-3.76,0.33,0.14,0.19,4.23,9.68,12.11
no_step_penalty,slip,True,0.2,43,0.99,15,1.0,19.21,17.1,-0.82,0.29,0.17,0.12,3.32,8.89,10.32
no_step_penalty,slip,True,0.2,42,0.99,30,1.0,21.6,16.4,-3.84,0.36,0.15,0.21,3.59,10.73,10.87
no_step_penalty,slip,True,0.2,44,0.99,10,1.0,24.07,15.8,-6.85,0.42,0.21,0.21,4.39,11.65,12.42
no_step_penalty,slip,True,0.2,45,0.99,98,1.0,25.34,16.7,-7.31,0.33,0.15,0.18,4.43,12.99,12.35
no_step_penalty,slip,True,0.2,47,0.99,15,1.0,20.39,17.0,-2.09,0.3,0.15,0.15,3.66,8.83,11.56
no_step_penalty,slip,True,0.2,46,0.99,56,1.0,21.47,16.6,-3.53,0.34,0.17,0.17,3.67,11.03,10.44
no_step_penalty,slip,True,0.2,48,0.99,17,1.0,24.64,15.5,-7.69,0.45,0.24,0.21,4.76,13.36,11.28
no_step_penalty,slip,True,0.2,49,0.99,24,1.0,21.31,16.1,-3.82,0.39,0.23,0.16,3.55,10.23,11.08
no_step_penalty,slip,True,0.2,54,0.99,16,1.0,19.45,16.6,-1.51,0.34,0.18,0.16,3.21,8.51,10.94
no_step_penalty,slip,True,0.2,50,0.99,9,1.0,22.27,16.8,-4.15,0.32,0.19,0.13,3.83,11.0,11.27
no_step_penalty,slip,True,0.2,53,0.99,6,1.0,20.92,17.0,-2.62,0.3,0.12,0.18,3.62,9.77,11.15
no_step_penalty,slip,True,0.2,51,0.99,30,0.98,28.75,16.3,-11.14,0.33,0.2,0.13,5.63,14.33673469387755,10.918367346938776
no_step_penalty,slip,True,0.2,52,0.99,20,0.99,24.73,16.3,-7.09,0.35,0.16,0.19,4.16,13.6,11.151515151515152
no_step_penalty,slip,True,0.2,55,0.99,15,1.0,20.26,17.2,-1.78,0.28,0.13,0.15,3.64,9.29,10.97
no_step_penalty,slip,True,0.2,57,0.99,11,1.0,21.17,16.1,-3.68,0.39,0.18,0.21,4.02,9.06,12.11
no_step_penalty,slip,True,0.2,58,0.99,1,1.0,20.91,16.7,-2.88,0.33,0.18,0.15,3.78,10.23,10.68
no_step_penalty,slip,True,0.2,60,0.99,3,1.0,22.85,15.9,-5.54,0.41,0.24,0.17,4.37,11.58,11.27
no_step_penalty,slip,True,0.2,59,0.99,68,1.0,21.51,16.3,-3.84,0.37,0.2,0.17,3.6,9.52,11.99
no_step_penalty,slip,True,0.2,56,0.99,34,1.0,22.91,16.5,-5.06,0.35,0.17,0.18,3.97,11.91,11.0
no_step_penalty,slip,True,0.2,62,0.99,33,1.0,22.36,17.0,-4.06,0.3,0.15,0.15,4.16,10.73,11.63
no_step_penalty,slip,True,0.2,61,0.99,14,1.0,21.12,17.5,-2.37,0.25,0.13,0.12,4.01,9.52,11.6
no_step_penalty,slip,True,0.2,64,0.99,4,1.0,19.81,16.9,-1.6,0.31,0.17,0.14,3.63,8.91,10.9
no_step_penalty,slip,True,0.2,63,0.99,5,1.0,21.47,16.8,-3.35,0.32,0.14,0.18,3.58,10.88,10.59
no_step_penalty,slip,True,0.2,65,0.99,34,1.0,24.81,16.4,-7.05,0.36,0.23,0.13,4.87,13.21,11.6
no_step_penalty,slip,True,0.2,66,0.99,20,1.0,19.4,17.1,-1.01,0.29,0.13,0.16,3.43,8.46,10.94
no_step_penalty,slip,True,0.2,67,0.99,26,1.0,20.83,16.1,-3.34,0.39,0.25,0.14,3.52,10.3,10.53
no_step_penalty,slip,True,0.2,69,0.99,15,1.0,20.66,17.2,-2.18,0.28,0.17,0.11,3.61,10.03,10.63
no_step_penalty,slip,True,0.2,70,0.99,2,1.0,21.57,17.5,-2.82,0.25,0.14,0.11,3.87,10.31,11.26
no_step_penalty,slip,True,0.2,71,0.99,6,1.0,24.28,16.2,-6.7,0.38,0.18,0.2,4.19,13.02,11.26
no_step_penalty,slip,True,0.2,68,0.99,94,0.97,31.97,14.4,-16.1,0.5,0.35,0.15,5.8,14.616161616161616,14.711340206185566
no_step_penalty,slip,True,0.2,72,0.99,28,1.0,20.75,16.7,-2.72,0.33,0.22,0.11,3.77,8.46,12.29
no_step_penalty,slip,True,0.2,73,0.99,37,1.0,19.92,16.5,-2.07,0.35,0.16,0.19,3.09,8.67,11.25
no_step_penalty,slip,True,0.2,74,0.99,7,1.0,20.03,16.7,-2.0,0.33,0.16,0.17,3.55,8.97,11.06
no_step_penalty,slip,True,0.2,75,0.99,65,1.0,22.04,16.7,-4.01,0.33,0.2,0.13,3.98,10.37,11.67
no_step_penalty,slip,True,0.2,76,0.99,44,0.99,26.9,15.9,-9.62,0.39,0.2,0.19,5.21,13.525252525252526,11.626262626262626
no_step_penalty,slip,True,0.2,77,0.99,25,1.0,22.95,14.6,-6.81,0.54,0.3,0.24,4.05,12.13,10.82
no_step_penalty,slip,True,0.2,78,0.99,4,1.0,21.04,17.0,-2.74,0.3,0.16,0.14,3.65,10.01,11.03
no_step_penalty,slip,True,0.2,79,0.99,8,1.0,20.16,16.3,-2.49,0.37,0.19,0.18,3.63,9.45,10.71
no_step_penalty,slip,True,0.2,80,0.99,28,1.0,21.13,16.3,-3.46,0.37,0.18,0.19,3.5,9.58,11.55
no_step_penalty,slip,True,0.2,83,0.99,7,1.0,20.35,17.0,-2.05,0.3,0.16,0.14,3.61,9.1,11.25
no_step_penalty,slip,True,0.2,81,0.99,3,1.0,24.92,15.6,-7.88,0.44,0.23,0.21,4.37,14.36,10.56
no_step_penalty,slip,True,0.2,84,0.99,1,1.0,21.46,17.1,-3.07,0.29,0.16,0.13,3.93,9.37,12.09
no_step_penalty,slip,True,0.2,86,0.99,45,1.0,19.75,17.8,-0.73,0.22,0.11,0.11,3.42,9.0,10.75
no_step_penalty,slip,True,0.2,85,0.99,0,1.0,23.95,16.6,-6.01,0.34,0.15,0.19,4.54,12.52,11.43
no_step_penalty,slip,True,0.2,82,0.99,73,1.0,24.36,16.3,-6.69,0.37,0.18,0.19,4.49,12.38,11.98
no_step_penalty,slip,True,0.2,87,0.99,0,1.0,25.33,16.2,-7.75,0.38,0.18,0.2,4.71,14.05,11.28
no_step_penalty,slip,True,0.2,88,0.99,8,1.0,19.49,17.3,-0.92,0.27,0.17,0.1,3.4,8.44,11.05
no_step_penalty,slip,True,0.2,89,0.99,8,1.0,22.37,16.5,-4.52,0.35,0.14,0.21,3.94,10.93,11.44
no_step_penalty,slip,True,0.2,90,0.99,10,1.0,21.45,15.8,-4.23,0.42,0.22,0.2,3.95,10.75,10.7
no_step_penalty,slip,True,0.2,91,0.99,34,1.0,20.96,17.8,-1.94,0.22,0.13,0.09,3.64,9.82,11.14
no_step_penalty,slip,True,0.2,93,0.99,3,1.0,22.76,16.1,-5.27,0.39,0.19,0.2,4.19,11.44,11.32
no_step_penalty,slip,True,0.2,94,0.99,6,1.0,23.03,15.9,-5.72,0.41,0.23,0.18,4.23,11.66,11.37
no_step_penalty,slip,True,0.2,95,0.99,15,1.0,21.51,17.1,-3.12,0.29,0.14,0.15,3.79,10.81,10.7
no_step_penalty,slip,True,0.2,96,0.99,68,1.0,21.71,16.2,-4.13,0.38,0.27,0.11,3.71,10.77,10.94
no_step_penalty,slip,True,0.2,97,0.99,1,1.0,20.96,15.9,-3.65,0.41,0.16,0.25,3.57,9.85,11.11
no_step_penalty,slip,True,0.2,92,0.99,0,0.98,28.02,15.3,-11.31,0.43,0.19,0.24,5.17,15.252525252525253,11.112244897959183
no_step_penalty,slip,True,0.2,98,0.99,26,1.0,27.84,16.3,-10.17,0.37,0.18,0.19,5.23,15.43,12.41
no_step_penalty,slip,True,0.2,99,0.99,0,1.0,21.97,17.3,-3.4,0.27,0.12,0.15,3.95,11.12,10.85
sparse_success_only,no_slip,False,0.2,0,0.99,10,1.0,18.16,1.0,-9.58,1.38,0.72,0.66,0.0,10.12,8.04
sparse_success_only,no_slip,False,0.2,1,0.99,4,1.0,15.58,1.0,-0.25,0.63,0.26,0.37,0.0,7.5,8.08
sparse_success_only,no_slip,False,0.2,3,0.99,0,1.0,15.67,1.0,-0.7,0.67,0.33,0.34,0.0,7.69,7.98
sparse_success_only,no_slip,False,0.2,7,0.99,3,0.92,31.35,0.92,-68.46,6.27,3.17,3.1,0.0,8.804347826086957,7.880434782608695
sparse_success_only,no_slip,False,0.2,6,0.99,1,0.99,16.58,0.99,-5.87,1.12,0.59,0.53,0.0,6.797979797979798,7.929292929292929
sparse_success_only,no_slip,False,0.2,4,0.99,13,1.0,14.32,1.0,2.99,0.41,0.25,0.16,0.0,6.54,7.78
sparse_success_only,no_slip,False,0.2,2,0.99,2,1.0,17.15,1.0,-10.37,1.58,0.7,0.88,0.0,9.13,8.02
sparse_success_only,no_slip,False,0.2,8,0.99,19,1.0,15.84,1.0,-0.69,0.65,0.37,0.28,0.0,7.54,8.3
sparse_success_only,no_slip,False,0.2,5,0.99,40,1.0,18.39,1.0,-11.34,1.55,0.82,0.73,0.0,9.73,8.66
sparse_success_only,no_slip,False,0.2,10,0.99,77,1.0,14.74,1.0,2.84,0.38,0.22,0.16,0.0,6.72,8.02
sparse_success_only,no_slip,False,0.2,9,0.99,99,1.0,15.7,1.0,-0.82,0.68,0.36,0.32,0.0,7.37,8.33
sparse_success_only,no_slip,False,0.2,11,0.99,12,0.98,23.15,0.98,-29.21,2.96,1.56,1.4,0.0,11.224489795918368,8.316326530612244
sparse_success_only,no_slip,False,0.2,12,0.99,20,1.0,16.45,1.0,-4.18,0.97,0.53,0.44,0.0,8.55,7.9
sparse_success_only,no_slip,False,0.2,13,0.99,13,1.0,15.99,1.0,-1.29,0.7,0.32,0.38,0.0,8.15,7.84
sparse_success_only,no_slip,False,0.2,18,0.99,2,1.0,14.42,1.0,3.88,0.3,0.13,0.17,0.0,6.88,7.54
sparse_success_only,no_slip,False,0.2,16,0.99,13,1.0,15.87,1.0,1.08,0.45,0.24,0.21,0.0,7.77,8.1
sparse_success_only,no_slip,False,0.2,15,0.99,13,1.0,16.14,1.0,-3.78,0.96,0.47,0.49,0.0,8.18,7.96
sparse_success_only,no_slip,False,0.2,17,0.99,5,1.0,14.54,1.0,3.49,0.33,0.13,0.2,0.0,6.45,8.09
sparse_success_only,no_slip,False,0.2,19,0.99,3,1.0,14.54,1.0,3.94,0.28,0.15,0.13,0.0,6.42,8.12
sparse_success_only,no_slip,False,0.2,14,0.99,8,0.96,24.53,0.96,-41.09,4.08,1.86,2.22,0.0,9.3125,7.90625
sparse_success_only,no_slip,False,0.2,20,0.99,43,1.0,15.36,1.0,-0.66,0.7,0.42,0.28,0.0,7.2,8.16
sparse_success_only,no_slip,False,0.2,21,0.99,13,0.95,33.64,0.95,-74.8,6.79,3.5,3.29,0.0,16.431578947368422,8.452631578947368
sparse_success_only,no_slip,False,0.2,23,0.99,29,1.0,15.2,1.0,1.21,0.51,0.28,0.23,0.0,7.07,8.13
sparse_success_only,no_slip,False,0.2,27,0.99,1,1.0,14.41,1.0,2.54,0.45,0.24,0.21,0.0,6.1,8.31
sparse_success_only,no_slip,False,0.2,22,0.99,123,1.0,14.65,1.0,2.93,0.38,0.18,0.2,0.0,6.73,7.92
sparse_success_only,no_slip,False,0.2,24,0.99,31,1.0,15.04,1.0,1.28,0.52,0.23,0.29,0.0,6.99,8.05
sparse_success_only,no_slip,False,0.2,26,0.99,1,1.0,14.68,1.0,2.36,0.44,0.2,0.24,0.0,6.84,7.84
sparse_success_only,no_slip,False,0.2,25,0.99,9,1.0,15.04,1.0,1.01,0.55,0.27,0.28,0.0,6.89,8.15
sparse_success_only,no_slip,False,0.2,29,0.99,14,1.0,14.47,1.0,4.46,0.23,0.12,0.11,0.0,6.09,8.38
sparse_success_only,no_slip,False,0.2,28,0.99,46,1.0,15.51,1.0,0.36,0.57,0.32,0.25,0.0,7.23,8.28
sparse_success_only,no_slip,False,0.2,30,0.99,7,0.9,37.61,0.9,-102.32,9.29,4.64,4.65,0.0,12.0,7.566666666666666
sparse_success_only,no_slip,False,0.2,35,0.99,12,1.0,14.22,1.0,3.63,0.35,0.18,0.17,0.0,6.15,8.07
sparse_success_only,no_slip,False,0.2,39,0.99,22,1.0,14.44,1.0,3.68,0.32,0.13,0.19,0.0,6.61,7.83
sparse_success_only,no_slip,False,0.2,38,0.99,5,1.0,14.85,1.0,4.08,0.23,0.08,0.15,0.0,6.44,8.41
sparse_success_only,no_slip,False,0.2,31,0.99,1,0.97,21.11,0.97,-24.59,2.65,1.33,1.32,0.0,7.577319587628866,8.0
sparse_success_only,no_slip,False,0.2,32,0.99,7,1.0,15.57,1.0,-0.15,0.62,0.23,0.39,0.0,7.64,7.93
sparse_success_only,no_slip,False,0.2,36,0.99,38,1.0,15.17,1.0,2.95,0.32,0.15,0.17,0.0,6.8,8.37
sparse_success_only,no_slip,False,0.2,34,0.99,1,1.0,16.41,1.0,-4.95,1.06,0.51,0.55,0.0,8.29,8.12
sparse_success_only,no_slip,False,0.2,33,0.99,127,0.98,22.93,0.98,-29.8,3.05,1.63,1.42,0.0,10.510204081632653,8.806122448979592
sparse_success_only,no_slip,False,0.2,37,0.99,8,0.99,21.13,0.99,-26.53,2.91,1.46,1.45,0.0,11.313131313131313,8.01010101010101
sparse_success_only,no_slip,False,0.2,40,0.99,0,1.0,18.67,1.0,-11.89,1.58,0.77,0.81,0.0,10.2,8.47
sparse_success_only,no_slip,False,0.2,41,0.99,27,1.0,13.9,1.0,5.12,0.22,0.06,0.16,0.0,6.02,7.88
sparse_success_only,no_slip,False,0.2,43,0.99,15,1.0,14.02,1.0,4.91,0.23,0.13,0.1,0.0,6.25,7.77
sparse_success_only,no_slip,False,0.2,44,0.99,1,1.0,15.99,1.0,-2.28,0.81,0.53,0.28,0.0,7.96,8.03
sparse_success_only,no_slip,False,0.2,42,0.99,11,1.0,17.45,1.0,-7.16,1.19,0.61,0.58,0.0,9.13,8.32
sparse_success_only,no_slip,False,0.2,45,0.99,19,0.96,28.05,0.96,-54.24,5.15,2.62,2.53,0.0,12.791666666666666,8.09375
sparse_success_only,no_slip,False,0.2,46,0.99,13,1.0,14.07,1.0,2.07,0.54,0.24,0.3,0.0,6.5,7.57
sparse_success_only,no_slip,False,0.2,49,0.99,12,1.0,15.36,1.0,0.69,0.55,0.33,0.22,0.0,7.18,8.18
sparse_success_only,no_slip,False,0.2,51,0.99,9,1.0,15.95,1.0,-2.69,0.86,0.47,0.39,0.0,8.0,7.95
sparse_success_only,no_slip,False,0.2,48,0.99,14,0.81,55.65,0.81,-164.37,13.97,7.13,6.84,0.0,13.370786516853933,12.580246913580247
sparse_success_only,no_slip,False,0.2,47,0.99,31,0.88,48.38,0.88,-140.06,12.24,6.27,5.97,0.0,18.247191011235955,9.295454545454545
sparse_success_only,no_slip,False,0.2,52,0.99,24,1.0,15.83,1.0,0.04,0.57,0.21,0.36,0.0,7.2,8.63
sparse_success_only,no_slip,False,0.2,50,0.99,32,0.96,25.43,0.96,-41.27,4.0,1.89,2.11,0.0,9.666666666666666,8.489583333333334
sparse_success_only,no_slip,False,0.2,53,0.99,19,1.0,16.57,1.0,-4.48,0.99,0.48,0.51,0.0,8.89,7.68
sparse_success_only,no_slip,False,0.2,56,0.99,14,1.0,14.49,1.0,3.9,0.29,0.15,0.14,0.0,6.38,8.11
sparse_success_only,no_slip,False,0.2,54,0.99,2,1.0,15.79,1.0,-1.0,0.69,0.37,0.32,0.0,7.75,8.04
sparse_success_only,no_slip,False,0.2,57,0.99,12,1.0,14.55,1.0,3.39,0.34,0.16,0.18,0.0,6.51,8.04
sparse_success_only,no_slip,False,0.2,58,0.99,6,1.0,14.79,1.0,3.06,0.35,0.25,0.1,0.0,6.81,7.98
sparse_success_only,no_slip,False,0.2,55,0.99,30,1.0,18.82,1.0,-16.09,2.03,0.85,1.18,0.0,10.63,8.19
sparse_success_only,no_slip,False,0.2,61,0.99,14,1.0,14.27,1.0,3.76,0.33,0.19,0.14,0.0,6.49,7.78
sparse_success_only,no_slip,False,0.2,63,0.99,39,1.0,14.55,1.0,3.57,0.32,0.18,0.14,0.0,6.69,7.86
sparse_success_only,no_slip,False,0.2,60,0.99,6,1.0,14.66,1.0,2.92,0.38,0.16,0.22,0.0,6.77,7.89
sparse_success_only,no_slip,False,0.2,62,0.99,8,1.0,14.48,1.0,3.28,0.36,0.19,0.17,0.0,6.57,7.91
sparse_success_only,no_slip,False,0.2,59,0.99,22,1.0,17.45,1.0,-6.71,1.14,0.56,0.58,0.0,9.33,8.12
sparse_success_only,no_slip,False,0.2,64,0.99,9,1.0,13.9,1.0,4.85,0.25,0.1,0.15,0.0,5.99,7.91
sparse_success_only,no_slip,False,0.2,66,0.99,3,1.0,13.99,1.0,4.94,0.23,0.12,0.11,0.0,6.01,7.98
sparse_success_only,no_slip,False,0.2,65,0.99,2,1.0,14.98,1.0,1.7,0.48,0.26,0.22,0.0,7.29,7.69
sparse_success_only,no_slip,False,0.2,67,0.99,1,1.0,14.31,1.0,3.09,0.4,0.2,0.2,0.0,6.39,7.92
sparse_success_only,no_slip,False,0.2,69,0.99,43,1.0,15.24,1.0,1.53,0.47,0.28,0.19,0.0,7.34,7.9
sparse_success_only,no_slip,False,0.2,68,0.99,18,1.0,14.74,1.0,1.85,0.49,0.24,0.25,0.0,6.49,8.25
sparse_success_only,no_slip,False,0.2,73,0.99,10,1.0,15.43,1.0,-0.37,0.66,0.38,0.28,0.0,7.36,8.07
sparse_success_only,no_slip,False,0.2,77,0.99,2,1.0,15.04,1.0,2.9,0.34,0.17,0.17,0.0,7.35,7.69
sparse_success_only,no_slip,False,0.2,71,0.99,20,1.0,16.53,1.0,-5.43,1.1,0.49,0.61,0.0,8.4,8.13
sparse_success_only,no_slip,False,0.2,75,0.99,13,1.0,14.5,1.0,3.53,0.33,0.21,0.12,0.0,6.46,8.04
sparse_success_only,no_slip,False,0.2,72,0.99,29,1.0,17.72,1.0,-11.21,1.61,0.91,0.7,0.0,9.15,8.57
sparse_success_only,no_slip,False,0.2,70,0.99,40,0.93,31.03,0.93,-67.84,6.26,2.85,3.41,0.0,11.851063829787234,8.408602150537634
sparse_success_only,no_slip,False,0.2,76,0.99,12,1.0,15.75,1.0,-0.69,0.66,0.35,0.31,0.0,7.62,8.13
sparse_success_only,no_slip,False,0.2,74,0.99,13,0.98,25.83,0.98,-41.97,4.08,2.04,2.04,0.0,13.775510204081632,8.5
sparse_success_only,no_slip,False,0.2,78,0.99,27,1.0,15.12,1.0,-0.33,0.69,0.3,0.39,0.0,7.43,7.69
sparse_success_only,no_slip,False,0.2,79,0.99,44,1.0,14.49,1.0,3.18,0.37,0.13,0.24,0.0,6.49,8.0
sparse_success_only,no_slip,False,0.2,80,0.99,14,1.0,14.2,1.0,2.66,0.46,0.26,0.2,0.0,6.37,7.83
sparse_success_only,no_slip,False,0.2,86,0.99,22,1.0,14.31,1.0,3.9,0.31,0.12,0.19,0.0,6.47,7.84
sparse_success_only,no_slip,False,0.2,82,0.99,22,1.0,14.52,1.0,4.23,0.25,0.13,0.12,0.0,6.7,7.82
sparse_success_only,no_slip,False,0.2,84,0.99,14,1.0,15.89,1.0,0.43,0.52,0.25,0.27,0.0,7.31,8.58
sparse_success_only,no_slip,False,0.2,85,0.99,4,1.0,15.34,1.0,1.61,0.45,0.21,0.24,0.0,6.99,8.35
sparse_success_only,no_slip,False,0.2,81,0.99,24,1.0,15.17,1.0,1.06,0.53,0.27,0.26,0.0,7.41,7.76
sparse_success_only,no_slip,False,0.2,83,0.99,9,1.0,15.29,1.0,1.21,0.5,0.25,0.25,0.0,7.04,8.25
sparse_success_only,no_slip,False,0.2,88,0.99,2,1.0,14.08,1.0,3.68,0.36,0.16,0.2,0.0,6.14,7.94
sparse_success_only,no_slip,False,0.2,90,0.99,7,1.0,14.69,1.0,3.43,0.32,0.19,0.13,0.0,6.55,8.14
sparse_success_only,no_slip,False,0.2,89,0.99,28,1.0,15.12,1.0,1.47,0.49,0.27,0.22,0.0,6.83,8.29
sparse_success_only,no_slip,False,0.2,91,0.99,9,1.0,14.28,1.0,4.29,0.27,0.17,0.1,0.0,6.27,8.01
sparse_success_only,no_slip,False,0.2,87,0.99,3,1.0,15.43,1.0,-0.82,0.71,0.32,0.39,0.0,7.56,7.87
sparse_success_only,no_slip,False,0.2,92,0.99,24,1.0,14.13,1.0,4.17,0.3,0.12,0.18,0.0,6.31,7.82
sparse_success_only,no_slip,False,0.2,93,0.99,24,1.0,16.02,1.0,-2.4,0.82,0.48,0.34,0.0,7.86,8.16
sparse_success_only,no_slip,False,0.2,94,0.99,25,1.0,16.21,1.0,-2.23,0.78,0.39,0.39,0.0,7.65,8.56
sparse_success_only,no_slip,False,0.2,97,0.99,16,1.0,15.06,1.0,1.17,0.53,0.28,0.25,0.0,6.84,8.22
sparse_success_only,no_slip,False,0.2,95,0.99,18,1.0,14.81,1.0,0.88,0.59,0.27,0.32,0.0,7.12,7.69
sparse_success_only,no_slip,False,0.2,96,0.99,7,0.99,24.98,0.99,-41.45,4.14,2.2,1.94,0.0,15.070707070707071,8.141414141414142
sparse_success_only,no_slip,False,0.2,98,0.99,39,1.0,15.44,1.0,0.52,0.56,0.29,0.27,0.0,7.21,8.23
sparse_success_only,slip,True,0.2,0,0.99,10,1.0,23.93,1.0,-6.71,0.42,0.26,0.16,4.34,11.76,12.17
sparse_success_only,no_slip,False,0.2,99,0.99,0,1.0,15.38,1.0,-0.05,0.63,0.25,0.38,0.0,7.26,8.12
sparse_success_only,slip,True,0.2,1,0.99,5,1.0,28.97,1.0,-12.29,0.48,0.28,0.2,5.12,17.17,11.8
sparse_success_only,slip,True,0.2,3,0.99,3,1.0,21.24,1.0,-3.21,0.33,0.18,0.15,3.88,9.36,11.88
sparse_success_only,slip,True,0.2,7,0.99,4,1.0,19.97,1.0,-2.75,0.42,0.26,0.16,3.45,9.27,10.7
sparse_success_only,slip,True,0.2,2,0.99,118,0.72,73.79,0.72,-194.3,15.07,7.64,7.43,10.92,22.710843373493976,13.791666666666666
sparse_success_only,slip,True,0.2,4,0.99,7,1.0,22.59,1.0,-6.09,0.5,0.24,0.26,3.85,11.19,11.4
sparse_success_only,slip,True,0.2,8,0.99,15,1.0,22.95,1.0,-6.18,0.47,0.23,0.24,4.44,10.82,12.13
sparse_success_only,slip,True,0.2,6,0.99,7,1.0,27.16,1.0,-11.74,0.62,0.37,0.25,4.79,14.91,12.25
sparse_success_only,slip,True,0.2,9,0.99,2,1.0,22.84,1.0,-4.99,0.35,0.22,0.13,3.95,11.85,10.99
sparse_success_only,slip,True,0.2,5,0.99,46,0.99,32.07,0.99,-26.13,1.65,0.85,0.8,5.7,18.5,13.272727272727273
sparse_success_only,slip,True,0.2,10,0.99,10,0.99,26.27,0.99,-8.99,0.39,0.22,0.17,4.53,12.969696969696969,11.545454545454545
sparse_success_only,slip,True,0.2,11,0.99,18,1.0,22.15,1.0,-4.48,0.37,0.24,0.13,4.14,11.27,10.88
sparse_success_only,slip,True,0.2,12,0.99,3,1.0,21.02,1.0,-3.98,0.44,0.23,0.21,3.61,10.38,10.64
sparse_success_only,slip,True,0.2,13,0.99,4,1.0,21.78,1.0,-3.75,0.33,0.19,0.14,3.91,10.88,10.9
sparse_success_only,slip,True,0.2,16,0.99,11,1.0,23.21,1.0,-6.08,0.43,0.21,0.22,4.09,11.74,11.47
sparse_success_only,slip,True,0.2,14,0.99,38,1.0,21.49,1.0,-3.91,0.38,0.19,0.19,3.47,10.74,10.75
sparse_success_only,slip,True,0.2,15,0.99,2,1.0,24.67,1.0,-9.52,0.65,0.31,0.34,4.13,13.54,11.13
sparse_success_only,slip,True,0.2,18,0.99,57,0.99,24.08,0.99,-6.71,0.38,0.18,0.2,4.35,11.606060606060606,10.696969696969697
sparse_success_only,slip,True,0.2,19,0.99,13,1.0,21.06,1.0,-2.67,0.29,0.17,0.12,3.84,9.81,11.25
sparse_success_only,slip,True,0.2,20,0.99,17,1.0,24.53,1.0,-10.37,0.76,0.43,0.33,4.37,13.38,11.15
sparse_success_only,slip,True,0.2,17,0.99,8,0.99,27.78,0.99,-15.0,0.89,0.51,0.38,5.11,13.262626262626263,12.777777777777779
sparse_success_only,slip,True,0.2,22,0.99,12,1.0,20.01,1.0,-2.34,0.37,0.16,0.21,3.32,9.41,10.6
sparse_success_only,slip,True,0.2,21,0.99,15,1.0,22.74,1.0,-5.52,0.42,0.26,0.16,4.0,12.29,10.45
sparse_success_only,slip,True,0.2,23,0.99,61,1.0,22.23,1.0,-5.01,0.42,0.27,0.15,3.98,10.99,11.24
sparse_success_only,slip,True,0.2,24,0.99,65,1.0,20.56,1.0,-2.89,0.37,0.2,0.17,3.65,9.14,11.42
sparse_success_only,slip,True,0.2,25,0.99,0,1.0,20.76,1.0,-4.53,0.53,0.3,0.23,3.37,9.8,10.96
sparse_success_only,slip,True,0.2,26,0.99,1,1.0,22.12,1.0,-5.08,0.44,0.25,0.19,3.76,10.93,11.19
sparse_success_only,slip,True,0.2,27,0.99,7,1.0,22.05,1.0,-6.27,0.58,0.25,0.33,3.81,10.59,11.46
sparse_success_only,slip,True,0.2,28,0.99,14,1.0,22.1,1.0,-8.12,0.78,0.48,0.3,3.74,11.46,10.64
sparse_success_only,slip,True,0.2,29,0.99,14,1.0,20.92,1.0,-2.8,0.32,0.17,0.15,3.63,9.81,11.11
sparse_success_only,slip,True,0.2,30,0.99,7,1.0,19.8,1.0,-1.86,0.34,0.17,0.17,3.59,8.77,11.03
sparse_success_only,slip,True,0.2,34,0.99,10,1.0,21.6,1.0,-5.55,0.55,0.3,0.25,3.76,10.47,11.13
sparse_success_only,slip,True,0.2,33,0.99,11,1.0,26.17,1.0,-9.13,0.44,0.21,0.23,4.62,14.6,11.57
sparse_success_only,slip,True,0.2,31,0.99,1,1.0,22.86,1.0,-6.09,0.47,0.28,0.19,3.96,11.18,11.68
sparse_success_only,slip,True,0.2,32,0.99,30,1.0,25.2,1.0,-8.7,0.5,0.24,0.26,4.49,13.6,11.6
sparse_success_only,slip,True,0.2,35,0.99,8,0.98,29.15,0.98,-14.15,0.62,0.31,0.31,5.46,14.33673469387755,11.326530612244898
sparse_success_only,slip,True,0.2,36,0.99,3,1.0,21.34,1.0,-3.4,0.34,0.2,0.14,4.04,10.19,11.15
sparse_success_only,slip,True,0.2,37,0.99,8,1.0,21.5,1.0,-4.19,0.41,0.21,0.2,3.79,11.01,10.49
sparse_success_only,slip,True,0.2,40,0.99,47,1.0,20.95,1.0,-2.92,0.33,0.21,0.12,3.72,9.59,11.36
sparse_success_only,slip,True,0.2,38,0.99,47,1.0,24.41,1.0,-7.91,0.5,0.26,0.24,4.66,12.49,11.92
sparse_success_only,slip,True,0.2,39,0.99,42,1.0,21.98,1.0,-5.66,0.52,0.25,0.27,3.74,10.84,11.14
sparse_success_only,slip,True,0.2,41,0.99,5,1.0,20.36,1.0,-1.97,0.29,0.22,0.07,3.96,8.79,11.57
sparse_success_only,slip,True,0.2,44,0.99,10,1.0,21.73,1.0,-5.41,0.52,0.2,0.32,4.01,10.81,10.92
sparse_success_only,slip,True,0.2,43,0.99,13,1.0,22.95,1.0,-5.73,0.42,0.16,0.26,3.89,12.44,10.51
sparse_success_only,slip,True,0.2,46,0.99,51,1.0,20.72,1.0,-3.68,0.44,0.23,0.21,3.62,9.82,10.9
sparse_success_only,slip,True,0.2,47,0.99,15,1.0,20.01,1.0,-2.16,0.35,0.17,0.18,3.56,8.45,11.56
sparse_success_only,slip,True,0.2,42,0.99,30,0.96,29.43,0.96,-37.89,3.18,1.6,1.58,4.48,11.427083333333334,10.895833333333334
sparse_success_only,slip,True,0.2,45,0.99,6,0.98,26.69,0.98,-17.72,1.29,0.65,0.64,4.43,13.282828282828282,11.673469387755102
sparse_success_only,slip,True,0.2,50,0.99,43,1.0,21.47,1.0,-3.26,0.31,0.14,0.17,3.62,10.74,10.73
sparse_success_only,slip,True,0.2,49,0.99,24,1.0,22.25,1.0,-6.92,0.63,0.28,0.35,3.68,11.12,11.13
sparse_success_only,slip,True,0.2,54,0.99,16,1.0,21.76,1.0,-6.61,0.65,0.33,0.32,3.7,10.9,10.86
sparse_success_only,slip,True,0.2,48,0.99,17,0.98,39.14,0.98,-44.39,2.87,1.45,1.42,6.98,24.333333333333332,13.26530612244898
sparse_success_only,slip,True,0.2,52,0.99,28,1.0,21.71,1.0,-4.22,0.39,0.23,0.16,3.6,10.69,11.02
sparse_success_only,slip,True,0.2,51,0.99,78,1.0,24.04,1.0,-6.01,0.33,0.17,0.16,4.49,12.97,11.07
sparse_success_only,slip,True,0.2,57,0.99,27,1.0,20.26,1.0,-2.05,0.31,0.14,0.17,3.94,8.71,11.55
sparse_success_only,slip,True,0.2,56,0.99,22,1.0,20.94,1.0,-2.55,0.29,0.16,0.13,3.53,9.31,11.63
sparse_success_only,slip,True,0.2,53,0.99,6,1.0,20.86,1.0,-3.46,0.4,0.17,0.23,3.59,9.45,11.41
sparse_success_only,slip,True,0.2,55,0.99,15,1.0,22.05,1.0,-5.73,0.52,0.26,0.26,4.06,10.61,11.44
sparse_success_only,slip,True,0.2,58,0.99,1,1.0,21.2,1.0,-3.8,0.4,0.24,0.16,3.95,9.74,11.46
sparse_success_only,slip,True,0.2,62,0.99,18,1.0,20.97,1.0,-4.83,0.54,0.31,0.23,3.86,9.63,11.34
sparse_success_only,slip,True,0.2,61,0.99,12,1.0,22.08,1.0,-4.05,0.33,0.13,0.2,4.1,11.09,10.99
sparse_success_only,slip,True,0.2,60,0.99,3,1.0,28.31,1.0,-12.35,0.56,0.26,0.3,5.39,13.59,14.72
sparse_success_only,slip,True,0.2,64,0.99,4,1.0,22.57,1.0,-4.99,0.38,0.18,0.2,4.18,12.18,10.39
sparse_success_only,slip,True,0.2,59,0.99,38,0.95,39.04,0.95,-37.54,2.05,0.94,1.11,7.19,14.15,19.4
sparse_success_only,slip,True,0.2,63,0.99,5,1.0,25.57,1.0,-9.07,0.5,0.3,0.2,4.46,14.74,10.83
sparse_success_only,slip,True,0.2,67,0.99,91,1.0,23.48,1.0,-5.81,0.37,0.21,0.16,4.09,12.63,10.85
sparse_success_only,slip,True,0.2,65,0.99,26,0.92,40.76,0.92,-71.66,5.58,2.91,2.67,7.0,16.602150537634408,11.847826086956522
sparse_success_only,slip,True,0.2,66,0.99,10,1.0,23.66,1.0,-8.42,0.64,0.32,0.32,4.17,13.4,10.26
sparse_success_only,slip,True,0.2,68,0.99,11,0.98,29.55,0.98,-37.77,3.2,1.68,1.52,4.83,14.346938775510203,11.724489795918368
sparse_success_only,slip,True,0.2,69,0.99,19,0.98,28.34,0.98,-14.06,0.7,0.44,0.26,5.22,15.404040404040405,11.244897959183673
sparse_success_only,slip,True,0.2,71,0.99,6,1.0,20.93,1.0,-3.17,0.36,0.19,0.17,3.47,10.29,10.64
sparse_success_only,slip,True,0.2,70,0.99,2,1.0,21.76,1.0,-5.44,0.52,0.23,0.29,3.74,10.93,10.83
sparse_success_only,slip,True,0.2,74,0.99,7,1.0,20.4,1.0,-2.46,0.34,0.19,0.15,3.56,9.41,10.99
sparse_success_only,slip,True,0.2,75,0.99,13,1.0,21.22,1.0,-3.01,0.31,0.16,0.15,3.82,8.87,12.35
sparse_success_only,slip,True,0.2,77,0.99,25,1.0,21.74,1.0,-3.71,0.33,0.16,0.17,3.95,10.67,11.07
sparse_success_only,slip,True,0.2,76,0.99,41,1.0,21.38,1.0,-4.79,0.49,0.22,0.27,3.91,9.95,11.43
sparse_success_only,slip,True,0.2,72,0.99,83,1.0,28.61,1.0,-15.89,0.92,0.48,0.44,5.3,14.95,13.66
sparse_success_only,slip,True,0.2,73,0.99,37,0.99,31.86,0.99,-26.82,1.75,0.79,0.96,5.32,18.151515151515152,12.01010101010101
sparse_success_only,slip,True,0.2,80,0.99,13,1.0,20.48,1.0,-2.54,0.34,0.14,0.2,3.42,9.41,11.07
sparse_success_only,slip,True,0.2,78,0.99,4,1.0,29.44,1.0,-16.81,0.93,0.5,0.43,5.26,16.53,12.91
sparse_success_only,slip,True,0.2,79,0.99,18,0.98,26.85,0.98,-14.1,0.87,0.41,0.46,4.9,12.224489795918368,11.091836734693878
sparse_success_only,slip,True,0.2,81,0.99,27,1.0,25.05,1.0,-9.18,0.57,0.29,0.28,4.39,13.96,11.09
sparse_success_only,slip,True,0.2,82,0.99,6,1.0,22.07,1.0,-4.22,0.35,0.16,0.19,4.18,10.54,11.53
sparse_success_only,slip,True,0.2,83,0.99,7,1.0,20.71,1.0,-2.05,0.26,0.1,0.16,3.68,9.4,11.31
sparse_success_only,slip,True,0.2,85,0.99,0,1.0,23.31,1.0,-6.09,0.42,0.18,0.24,4.33,12.6,10.71
sparse_success_only,slip,True,0.2,84,0.99,1,1.0,23.58,1.0,-6.9,0.48,0.29,0.19,4.52,11.3,12.28
sparse_success_only,slip,True,0.2,88,0.99,8,1.0,19.47,1.0,-0.72,0.25,0.14,0.11,3.39,8.39,11.08
sparse_success_only,slip,True,0.2,86,0.99,22,1.0,23.24,1.0,-7.46,0.58,0.27,0.31,4.07,11.71,11.53
sparse_success_only,slip,True,0.2,87,0.99,0,1.0,19.8,1.0,-4.02,0.58,0.31,0.27,3.43,8.87,10.93
sparse_success_only,slip,True,0.2,90,0.99,10,1.0,19.95,1.0,-1.74,0.31,0.2,0.11,3.68,9.37,10.58
sparse_success_only,slip,True,0.2,89,0.99,8,1.0,26.43,1.0,-12.09,0.74,0.37,0.37,4.59,14.01,12.42
sparse_success_only,slip,True,0.2,91,0.99,22,1.0,22.32,1.0,-8.07,0.75,0.36,0.39,3.78,11.43,10.89
sparse_success_only,slip,True,0.2,92,0.99,0,1.0,21.23,1.0,-3.29,0.34,0.08,0.26,3.98,9.97,11.26
sparse_success_only,slip,True,0.2,95,0.99,15,1.0,22.66,1.0,-4.45,0.31,0.2,0.11,3.91,11.78,10.88
sparse_success_only,slip,True,0.2,93,0.99,3,0.99,32.76,0.99,-33.39,2.38,1.27,1.11,5.79,19.7,13.131313131313131
sparse_success_only,slip,True,0.2,97,0.99,1,1.0,22.18,1.0,-6.58,0.6,0.29,0.31,3.87,11.14,11.04
sparse_success_only,slip,True,0.2,94,0.99,6,0.99,31.36,0.99,-27.22,1.85,0.99,0.86,5.62,20.05,11.313131313131313
sparse_success_only,slip,True,0.2,98,0.99,34,0.99,31.12,0.99,-15.91,0.62,0.38,0.24,5.8,14.8989898989899,14.515151515151516
sparse_success_only,slip,True,0.2,96,0.99,29,1.0,29.87,1.0,-14.63,0.64,0.35,0.29,5.1,17.36,12.51
sparse_success_only_gamma1,no_slip,False,0.2,0,1.0,10,1.0,18.16,1.0,-9.58,1.38,0.72,0.66,0.0,10.12,8.04
sparse_success_only,slip,True,0.2,99,0.99,0,1.0,21.82,1.0,-6.76,0.66,0.38,0.28,3.96,10.75,11.07
sparse_success_only_gamma1,no_slip,False,0.2,1,1.0,4,1.0,15.58,1.0,-0.25,0.63,0.26,0.37,0.0,7.5,8.08
sparse_success_only_gamma1,no_slip,False,0.2,3,1.0,0,1.0,15.67,1.0,-0.7,0.67,0.33,0.34,0.0,7.69,7.98
sparse_success_only_gamma1,no_slip,False,0.2,2,1.0,2,1.0,17.15,1.0,-10.37,1.58,0.7,0.88,0.0,9.13,8.02
sparse_success_only_gamma1,no_slip,False,0.2,4,1.0,13,1.0,14.32,1.0,2.99,0.41,0.25,0.16,0.0,6.54,7.78
sparse_success_only_gamma1,no_slip,False,0.2,5,1.0,40,1.0,18.39,1.0,-11.34,1.55,0.82,0.73,0.0,9.73,8.66
sparse_success_only_gamma1,no_slip,False,0.2,7,1.0,3,0.92,31.35,0.92,-68.46,6.27,3.17,3.1,0.0,8.804347826086957,7.880434782608695
sparse_success_only_gamma1,no_slip,False,0.2,6,1.0,1,0.99,16.58,0.99,-5.87,1.12,0.59,0.53,0.0,6.797979797979798,7.929292929292929
sparse_success_only_gamma1,no_slip,False,0.2,8,1.0,19,1.0,15.84,1.0,-0.69,0.65,0.37,0.28,0.0,7.54,8.3
sparse_success_only_gamma1,no_slip,False,0.2,13,1.0,13,1.0,15.99,1.0,-1.29,0.7,0.32,0.38,0.0,8.15,7.84
sparse_success_only_gamma1,no_slip,False,0.2,10,1.0,77,1.0,14.74,1.0,2.84,0.38,0.22,0.16,0.0,6.72,8.02
sparse_success_only_gamma1,no_slip,False,0.2,9,1.0,99,1.0,15.7,1.0,-0.82,0.68,0.36,0.32,0.0,7.37,8.33
sparse_success_only_gamma1,no_slip,False,0.2,11,1.0,12,0.98,23.15,0.98,-29.21,2.96,1.56,1.4,0.0,11.224489795918368,8.316326530612244
sparse_success_only_gamma1,no_slip,False,0.2,12,1.0,20,1.0,16.45,1.0,-4.18,0.97,0.53,0.44,0.0,8.55,7.9
sparse_success_only_gamma1,no_slip,False,0.2,14,1.0,8,0.96,24.53,0.96,-41.09,4.08,1.86,2.22,0.0,9.3125,7.90625
sparse_success_only_gamma1,no_slip,False,0.2,18,1.0,2,1.0,14.42,1.0,3.88,0.3,0.13,0.17,0.0,6.88,7.54
sparse_success_only_gamma1,no_slip,False,0.2,15,1.0,13,1.0,16.14,1.0,-3.78,0.96,0.47,0.49,0.0,8.18,7.96
sparse_success_only_gamma1,no_slip,False,0.2,16,1.0,13,1.0,15.87,1.0,1.08,0.45,0.24,0.21,0.0,7.77,8.1
sparse_success_only_gamma1,no_slip,False,0.2,17,1.0,5,1.0,14.54,1.0,3.49,0.33,0.13,0.2,0.0,6.45,8.09
sparse_success_only_gamma1,no_slip,False,0.2,19,1.0,3,1.0,14.54,1.0,3.94,0.28,0.15,0.13,0.0,6.42,8.12
sparse_success_only_gamma1,no_slip,False,0.2,21,1.0,13,0.95,33.64,0.95,-74.8,6.79,3.5,3.29,0.0,16.431578947368422,8.452631578947368
sparse_success_only_gamma1,no_slip,False,0.2,20,1.0,43,1.0,15.36,1.0,-0.66,0.7,0.42,0.28,0.0,7.2,8.16
sparse_success_only_gamma1,no_slip,False,0.2,23,1.0,29,1.0,15.2,1.0,1.21,0.51,0.28,0.23,0.0,7.07,8.13
sparse_success_only_gamma1,no_slip,False,0.2,22,1.0,123,1.0,14.65,1.0,2.93,0.38,0.18,0.2,0.0,6.73,7.92
sparse_success_only_gamma1,no_slip,False,0.2,24,1.0,31,1.0,15.04,1.0,1.28,0.52,0.23,0.29,0.0,6.99,8.05
sparse_success_only_gamma1,no_slip,False,0.2,27,1.0,1,1.0,14.41,1.0,2.54,0.45,0.24,0.21,0.0,6.1,8.31
sparse_success_only_gamma1,no_slip,False,0.2,26,1.0,1,1.0,14.68,1.0,2.36,0.44,0.2,0.24,0.0,6.84,7.84
sparse_success_only_gamma1,no_slip,False,0.2,25,1.0,9,1.0,15.04,1.0,1.01,0.55,0.27,0.28,0.0,6.89,8.15
sparse_success_only_gamma1,no_slip,False,0.2,29,1.0,14,1.0,14.47,1.0,4.46,0.23,0.12,0.11,0.0,6.09,8.38
sparse_success_only_gamma1,no_slip,False,0.2,28,1.0,46,1.0,15.51,1.0,0.36,0.57,0.32,0.25,0.0,7.23,8.28
sparse_success_only_gamma1,no_slip,False,0.2,35,1.0,12,1.0,14.22,1.0,3.63,0.35,0.18,0.17,0.0,6.15,8.07
sparse_success_only_gamma1,no_slip,False,0.2,31,1.0,1,0.97,21.11,0.97,-24.59,2.65,1.33,1.32,0.0,7.577319587628866,8.0
sparse_success_only_gamma1,no_slip,False,0.2,32,1.0,7,1.0,15.57,1.0,-0.15,0.62,0.23,0.39,0.0,7.64,7.93
sparse_success_only_gamma1,no_slip,False,0.2,30,1.0,7,0.9,37.61,0.9,-102.32,9.29,4.64,4.65,0.0,12.0,7.566666666666666
sparse_success_only_gamma1,no_slip,False,0.2,38,1.0,5,1.0,14.85,1.0,4.08,0.23,0.08,0.15,0.0,6.44,8.41
sparse_success_only_gamma1,no_slip,False,0.2,34,1.0,1,1.0,16.41,1.0,-4.95,1.06,0.51,0.55,0.0,8.29,8.12
sparse_success_only_gamma1,no_slip,False,0.2,39,1.0,22,1.0,14.44,1.0,3.68,0.32,0.13,0.19,0.0,6.61,7.83
sparse_success_only_gamma1,no_slip,False,0.2,33,1.0,127,0.98,22.93,0.98,-29.8,3.05,1.63,1.42,0.0,10.510204081632653,8.806122448979592
sparse_success_only_gamma1,no_slip,False,0.2,36,1.0,38,1.0,15.17,1.0,2.95,0.32,0.15,0.17,0.0,6.8,8.37
sparse_success_only_gamma1,no_slip,False,0.2,37,1.0,8,0.99,21.13,0.99,-26.53,2.91,1.46,1.45,0.0,11.313131313131313,8.01010101010101
sparse_success_only_gamma1,no_slip,False,0.2,40,1.0,0,1.0,18.67,1.0,-11.89,1.58,0.77,0.81,0.0,10.2,8.47
sparse_success_only_gamma1,no_slip,False,0.2,41,1.0,27,1.0,13.9,1.0,5.12,0.22,0.06,0.16,0.0,6.02,7.88
sparse_success_only_gamma1,no_slip,False,0.2,43,1.0,15,1.0,14.02,1.0,4.91,0.23,0.13,0.1,0.0,6.25,7.77
sparse_success_only_gamma1,no_slip,False,0.2,44,1.0,1,1.0,15.99,1.0,-2.28,0.81,0.53,0.28,0.0,7.96,8.03
sparse_success_only_gamma1,no_slip,False,0.2,42,1.0,11,1.0,17.45,1.0,-7.16,1.19,0.61,0.58,0.0,9.13,8.32
sparse_success_only_gamma1,no_slip,False,0.2,46,1.0,13,1.0,14.07,1.0,2.07,0.54,0.24,0.3,0.0,6.5,7.57
sparse_success_only_gamma1,no_slip,False,0.2,45,1.0,19,0.96,28.05,0.96,-54.24,5.15,2.62,2.53,0.0,12.791666666666666,8.09375
sparse_success_only_gamma1,no_slip,False,0.2,49,1.0,12,1.0,15.36,1.0,0.69,0.55,0.33,0.22,0.0,7.18,8.18
sparse_success_only_gamma1,no_slip,False,0.2,48,1.0,14,0.81,55.65,0.81,-164.37,13.97,7.13,6.84,0.0,13.370786516853933,12.580246913580247
sparse_success_only_gamma1,no_slip,False,0.2,47,1.0,31,0.88,48.38,0.88,-140.06,12.24,6.27,5.97,0.0,18.247191011235955,9.295454545454545
sparse_success_only_gamma1,no_slip,False,0.2,51,1.0,9,1.0,15.95,1.0,-2.69,0.86,0.47,0.39,0.0,8.0,7.95
sparse_success_only_gamma1,no_slip,False,0.2,52,1.0,24,1.0,15.83,1.0,0.04,0.57,0.21,0.36,0.0,7.2,8.63
sparse_success_only_gamma1,no_slip,False,0.2,50,1.0,32,0.96,25.43,0.96,-41.27,4.0,1.89,2.11,0.0,9.666666666666666,8.489583333333334
sparse_success_only_gamma1,no_slip,False,0.2,53,1.0,19,1.0,16.57,1.0,-4.48,0.99,0.48,0.51,0.0,8.89,7.68
sparse_success_only_gamma1,no_slip,False,0.2,56,1.0,14,1.0,14.49,1.0,3.9,0.29,0.15,0.14,0.0,6.38,8.11
sparse_success_only_gamma1,no_slip,False,0.2,54,1.0,2,1.0,15.79,1.0,-1.0,0.69,0.37,0.32,0.0,7.75,8.04
sparse_success_only_gamma1,no_slip,False,0.2,57,1.0,12,1.0,15.11,1.0,2.92,0.33,0.13,0.2,0.0,6.74,8.37
sparse_success_only_gamma1,no_slip,False,0.2,58,1.0,6,1.0,14.79,1.0,3.06,0.35,0.25,0.1,0.0,6.81,7.98
sparse_success_only_gamma1,no_slip,False,0.2,55,1.0,30,1.0,18.82,1.0,-16.09,2.03,0.85,1.18,0.0,10.63,8.19
sparse_success_only_gamma1,no_slip,False,0.2,60,1.0,6,1.0,14.66,1.0,2.92,0.38,0.16,0.22,0.0,6.77,7.89
sparse_success_only_gamma1,no_slip,False,0.2,63,1.0,39,1.0,14.55,1.0,3.57,0.32,0.18,0.14,0.0,6.69,7.86
sparse_success_only_gamma1,no_slip,False,0.2,61,1.0,14,1.0,14.27,1.0,3.76,0.33,0.19,0.14,0.0,6.49,7.78
sparse_success_only_gamma1,no_slip,False,0.2,59,1.0,22,1.0,17.45,1.0,-6.71,1.14,0.56,0.58,0.0,9.33,8.12
sparse_success_only_gamma1,no_slip,False,0.2,62,1.0,8,1.0,14.48,1.0,3.28,0.36,0.19,0.17,0.0,6.57,7.91
sparse_success_only_gamma1,no_slip,False,0.2,66,1.0,3,1.0,13.99,1.0,4.94,0.23,0.12,0.11,0.0,6.01,7.98
sparse_success_only_gamma1,no_slip,False,0.2,64,1.0,9,1.0,13.9,1.0,4.85,0.25,0.1,0.15,0.0,5.99,7.91
sparse_success_only_gamma1,no_slip,False,0.2,65,1.0,2,1.0,14.98,1.0,1.7,0.48,0.26,0.22,0.0,7.29,7.69
sparse_success_only_gamma1,no_slip,False,0.2,67,1.0,1,1.0,14.34,1.0,2.97,0.41,0.21,0.2,0.0,6.52,7.82
sparse_success_only_gamma1,no_slip,False,0.2,68,1.0,18,1.0,14.74,1.0,1.85,0.49,0.24,0.25,0.0,6.49,8.25
sparse_success_only_gamma1,no_slip,False,0.2,69,1.0,43,1.0,15.24,1.0,1.53,0.47,0.28,0.19,0.0,7.34,7.9
sparse_success_only_gamma1,no_slip,False,0.2,73,1.0,10,1.0,15.43,1.0,-0.37,0.66,0.38,0.28,0.0,7.36,8.07
sparse_success_only_gamma1,no_slip,False,0.2,77,1.0,2,1.0,15.04,1.0,2.9,0.34,0.17,0.17,0.0,7.35,7.69
sparse_success_only_gamma1,no_slip,False,0.2,72,1.0,29,1.0,17.72,1.0,-11.21,1.61,0.91,0.7,0.0,9.15,8.57
sparse_success_only_gamma1,no_slip,False,0.2,71,1.0,20,1.0,16.53,1.0,-5.43,1.1,0.49,0.61,0.0,8.4,8.13
sparse_success_only_gamma1,no_slip,False,0.2,75,1.0,13,1.0,14.5,1.0,3.53,0.33,0.21,0.12,0.0,6.46,8.04
sparse_success_only_gamma1,no_slip,False,0.2,70,1.0,40,0.93,31.03,0.93,-67.84,6.26,2.85,3.41,0.0,11.851063829787234,8.408602150537634
sparse_success_only_gamma1,no_slip,False,0.2,76,1.0,12,1.0,14.87,1.0,2.17,0.44,0.25,0.19,0.0,6.69,8.18
sparse_success_only_gamma1,no_slip,False,0.2,74,1.0,13,0.98,25.83,0.98,-41.97,4.08,2.04,2.04,0.0,13.775510204081632,8.5
sparse_success_only_gamma1,no_slip,False,0.2,78,1.0,27,1.0,15.12,1.0,-0.33,0.69,0.3,0.39,0.0,7.43,7.69
sparse_success_only_gamma1,no_slip,False,0.2,79,1.0,44,1.0,14.49,1.0,3.18,0.37,0.13,0.24,0.0,6.49,8.0
sparse_success_only_gamma1,no_slip,False,0.2,80,1.0,14,1.0,14.2,1.0,2.66,0.46,0.26,0.2,0.0,6.37,7.83
sparse_success_only_gamma1,no_slip,False,0.2,86,1.0,22,1.0,14.31,1.0,3.9,0.31,0.12,0.19,0.0,6.47,7.84
sparse_success_only_gamma1,no_slip,False,0.2,82,1.0,22,1.0,14.58,1.0,3.27,0.35,0.15,0.2,0.0,6.76,7.82
sparse_success_only_gamma1,no_slip,False,0.2,84,1.0,14,1.0,15.89,1.0,0.43,0.52,0.25,0.27,0.0,7.31,8.58
sparse_success_only_gamma1,no_slip,False,0.2,85,1.0,4,1.0,15.34,1.0,1.61,0.45,0.21,0.24,0.0,6.99,8.35
sparse_success_only_gamma1,no_slip,False,0.2,81,1.0,24,1.0,15.17,1.0,1.06,0.53,0.27,0.26,0.0,7.41,7.76
sparse_success_only_gamma1,no_slip,False,0.2,88,1.0,2,1.0,14.08,1.0,3.68,0.36,0.16,0.2,0.0,6.14,7.94
sparse_success_only_gamma1,no_slip,False,0.2,83,1.0,9,1.0,15.29,1.0,1.21,0.5,0.25,0.25,0.0,7.04,8.25
sparse_success_only_gamma1,no_slip,False,0.2,89,1.0,28,1.0,15.12,1.0,1.47,0.49,0.27,0.22,0.0,6.83,8.29
sparse_success_only_gamma1,no_slip,False,0.2,90,1.0,7,1.0,14.65,1.0,3.47,0.32,0.14,0.18,0.0,6.49,8.16
sparse_success_only_gamma1,no_slip,False,0.2,91,1.0,9,1.0,14.28,1.0,4.29,0.27,0.17,0.1,0.0,6.27,8.01
sparse_success_only_gamma1,no_slip,False,0.2,87,1.0,3,1.0,15.43,1.0,-0.82,0.71,0.32,0.39,0.0,7.56,7.87
sparse_success_only_gamma1,no_slip,False,0.2,92,1.0,24,1.0,14.13,1.0,4.17,0.3,0.12,0.18,0.0,6.31,7.82
sparse_success_only_gamma1,no_slip,False,0.2,93,1.0,24,1.0,16.02,1.0,-2.4,0.82,0.48,0.34,0.0,7.86,8.16
sparse_success_only_gamma1,no_slip,False,0.2,94,1.0,25,1.0,16.21,1.0,-2.23,0.78,0.39,0.39,0.0,7.65,8.56
sparse_success_only_gamma1,no_slip,False,0.2,97,1.0,16,1.0,15.06,1.0,1.17,0.53,0.28,0.25,0.0,6.84,8.22
sparse_success_only_gamma1,no_slip,False,0.2,95,1.0,18,1.0,14.81,1.0,0.88,0.59,0.27,0.32,0.0,7.12,7.69
sparse_success_only_gamma1,no_slip,False,0.2,96,1.0,7,0.99,24.98,0.99,-41.45,4.14,2.2,1.94,0.0,15.070707070707071,8.141414141414142
sparse_success_only_gamma1,no_slip,False,0.2,98,1.0,39,1.0,15.44,1.0,0.52,0.56,0.29,0.27,0.0,7.21,8.23
sparse_success_only_gamma1,no_slip,False,0.2,99,1.0,0,1.0,15.38,1.0,-0.05,0.63,0.25,0.38,0.0,7.26,8.12
sparse_success_only_gamma1,slip,True,0.2,0,1.0,10,0.96,29.66,0.96,-38.93,3.27,1.61,1.66,4.71,11.3125,11.25
sparse_success_only_gamma1,slip,True,0.2,1,1.0,5,1.0,22.98,1.0,-7.2,0.58,0.3,0.28,3.95,10.76,12.22
sparse_success_only_gamma1,slip,True,0.2,3,1.0,3,1.0,21.92,1.0,-3.89,0.33,0.12,0.21,4.01,10.56,11.36
sparse_success_only_gamma1,slip,True,0.2,2,1.0,118,0.98,29.26,0.98,-19.21,1.17,0.65,0.52,4.95,13.581632653061224,12.193877551020408
sparse_success_only_gamma1,slip,True,0.2,4,1.0,7,1.0,21.21,1.0,-3.9,0.41,0.22,0.19,3.52,10.89,10.32
sparse_success_only_gamma1,slip,True,0.2,7,1.0,4,1.0,19.5,1.0,-0.66,0.24,0.13,0.11,3.47,8.77,10.73
sparse_success_only_gamma1,slip,True,0.2,8,1.0,15,0.98,27.08,0.98,-12.71,0.69,0.31,0.38,5.1,11.061224489795919,12.489795918367347
sparse_success_only_gamma1,slip,True,0.2,6,1.0,7,0.99,24.81,0.99,-12.84,0.98,0.47,0.51,4.51,12.83,12.030303030303031
sparse_success_only_gamma1,slip,True,0.2,9,1.0,2,0.99,22.96,0.99,-6.13,0.44,0.22,0.22,4.05,9.616161616161616,11.555555555555555
sparse_success_only_gamma1,slip,True,0.2,5,1.0,46,0.99,34.56,0.99,-24.66,1.21,0.73,0.48,6.2,17.717171717171716,15.171717171717171
sparse_success_only_gamma1,slip,True,0.2,10,1.0,10,1.0,22.68,1.0,-6.36,0.52,0.2,0.32,3.8,11.87,10.81
sparse_success_only_gamma1,slip,True,0.2,12,1.0,3,1.0,22.06,1.0,-4.66,0.4,0.22,0.18,3.91,11.04,11.02
sparse_success_only_gamma1,slip,True,0.2,11,1.0,18,1.0,22.58,1.0,-5.18,0.4,0.18,0.22,4.23,11.6,10.98
sparse_success_only_gamma1,slip,True,0.2,13,1.0,4,1.0,21.2,1.0,-3.53,0.37,0.17,0.2,3.75,10.18,11.02
sparse_success_only_gamma1,slip,True,0.2,14,1.0,38,1.0,21.05,1.0,-5.54,0.61,0.27,0.34,3.38,10.7,10.35
sparse_success_only_gamma1,slip,True,0.2,16,1.0,11,1.0,21.86,1.0,-4.82,0.44,0.24,0.2,3.85,10.75,11.11
sparse_success_only_gamma1,slip,True,0.2,15,1.0,2,1.0,23.85,1.0,-6.09,0.36,0.17,0.19,4.15,13.0,10.85
sparse_success_only_gamma1,slip,True,0.2,18,1.0,57,1.0,21.31,1.0,-2.65,0.26,0.11,0.15,3.86,10.91,10.4
sparse_success_only_gamma1,slip,True,0.2,19,1.0,13,1.0,21.05,1.0,-3.92,0.43,0.2,0.23,3.7,9.57,11.48
sparse_success_only_gamma1,slip,True,0.2,20,1.0,17,1.0,24.29,1.0,-7.25,0.44,0.25,0.19,4.73,13.01,11.28
sparse_success_only_gamma1,slip,True,0.2,17,1.0,8,1.0,24.52,1.0,-14.23,1.19,0.55,0.64,4.44,12.84,11.68
sparse_success_only_gamma1,slip,True,0.2,23,1.0,61,1.0,25.86,1.0,-9.36,0.5,0.28,0.22,4.82,11.92,13.94
sparse_success_only_gamma1,slip,True,0.2,22,1.0,12,1.0,21.33,1.0,-5.1,0.53,0.28,0.25,3.66,10.98,10.35
sparse_success_only_gamma1,slip,True,0.2,24,1.0,65,1.0,20.68,1.0,-2.74,0.34,0.17,0.17,3.62,9.57,11.11
sparse_success_only_gamma1,slip,True,0.2,21,1.0,15,1.0,24.58,1.0,-12.67,1.01,0.48,0.53,4.39,13.13,11.45
sparse_success_only_gamma1,slip,True,0.2,25,1.0,0,1.0,20.67,1.0,-3.54,0.43,0.23,0.2,3.3,10.08,10.59
sparse_success_only_gamma1,slip,True,0.2,26,1.0,1,1.0,22.26,1.0,-4.68,0.38,0.23,0.15,3.98,11.24,11.02
sparse_success_only_gamma1,slip,True,0.2,27,1.0,7,1.0,22.05,1.0,-6.27,0.58,0.25,0.33,3.81,10.59,11.46
sparse_success_only_gamma1,slip,True,0.2,28,1.0,14,1.0,25.12,1.0,-9.43,0.59,0.28,0.31,4.26,11.72,13.4
sparse_success_only_gamma1,slip,True,0.2,29,1.0,14,1.0,19.91,1.0,-1.7,0.31,0.17,0.14,3.38,8.76,11.15
sparse_success_only_gamma1,slip,True,0.2,30,1.0,7,1.0,19.4,1.0,-1.19,0.31,0.16,0.15,3.52,8.08,11.32
sparse_success_only_gamma1,slip,True,0.2,31,1.0,1,1.0,22.87,1.0,-5.74,0.43,0.21,0.22,3.91,11.33,11.54
sparse_success_only_gamma1,slip,True,0.2,35,1.0,8,1.0,25.54,1.0,-9.49,0.55,0.3,0.25,4.85,13.22,12.32
sparse_success_only_gamma1,slip,True,0.2,34,1.0,10,1.0,22.48,1.0,-3.64,0.24,0.14,0.1,4.03,11.61,10.87
sparse_success_only_gamma1,slip,True,0.2,33,1.0,11,1.0,26.6,1.0,-9.47,0.43,0.22,0.21,4.77,15.0,11.6
sparse_success_only_gamma1,slip,True,0.2,32,1.0,30,1.0,27.51,1.0,-11.55,0.56,0.29,0.27,4.94,13.75,13.76
sparse_success_only_gamma1,slip,True,0.2,36,1.0,3,1.0,21.1,1.0,-3.61,0.39,0.22,0.17,3.84,9.92,11.18
sparse_success_only_gamma1,slip,True,0.2,37,1.0,8,1.0,20.27,1.0,-1.79,0.28,0.17,0.11,3.54,9.86,10.41
sparse_success_only_gamma1,slip,True,0.2,38,1.0,47,1.0,30.19,1.0,-22.24,1.45,0.76,0.69,5.48,17.53,12.66
sparse_success_only_gamma1,slip,True,0.2,40,1.0,47,1.0,20.95,1.0,-2.92,0.33,0.21,0.12,3.72,9.59,11.36
sparse_success_only_gamma1,slip,True,0.2,39,1.0,42,1.0,26.9,1.0,-13.19,0.81,0.42,0.39,4.67,11.95,14.95
sparse_success_only_gamma1,slip,True,0.2,41,1.0,5,1.0,21.15,1.0,-2.58,0.27,0.1,0.17,4.09,10.2,10.95
sparse_success_only_gamma1,slip,True,0.2,43,1.0,13,1.0,21.46,1.0,-2.8,0.26,0.15,0.11,3.85,10.81,10.65
sparse_success_only_gamma1,slip,True,0.2,44,1.0,10,1.0,21.73,1.0,-4.06,0.37,0.13,0.24,4.0,10.67,11.06
sparse_success_only_gamma1,slip,True,0.2,47,1.0,15,1.0,19.37,1.0,-0.71,0.26,0.18,0.08,3.46,8.08,11.29
sparse_success_only_gamma1,slip,True,0.2,42,1.0,30,1.0,22.0,1.0,-4.69,0.41,0.2,0.21,3.68,11.22,10.78
sparse_success_only_gamma1,slip,True,0.2,46,1.0,51,1.0,22.95,1.0,-4.74,0.31,0.15,0.16,3.76,12.67,10.28
sparse_success_only_gamma1,slip,True,0.2,45,1.0,6,1.0,23.15,1.0,-8.09,0.66,0.29,0.37,4.03,11.25,11.9
sparse_success_only_gamma1,slip,True,0.2,48,1.0,17,1.0,19.56,1.0,-0.27,0.19,0.07,0.12,3.54,8.61,10.95
sparse_success_only_gamma1,slip,True,0.2,49,1.0,24,1.0,21.78,1.0,-4.47,0.41,0.23,0.18,3.82,10.57,11.21
sparse_success_only_gamma1,slip,True,0.2,50,1.0,43,1.0,20.44,1.0,-2.23,0.31,0.16,0.15,3.53,10.1,10.34
sparse_success_only_gamma1,slip,True,0.2,52,1.0,28,1.0,21.05,1.0,-4.1,0.45,0.19,0.26,3.42,10.44,10.61
sparse_success_only_gamma1,slip,True,0.2,54,1.0,16,1.0,20.64,1.0,-2.34,0.3,0.13,0.17,3.49,9.74,10.9
sparse_success_only_gamma1,slip,True,0.2,57,1.0,27,1.0,23.75,1.0,-6.35,0.4,0.21,0.19,4.58,12.25,11.5
sparse_success_only_gamma1,slip,True,0.2,51,1.0,78,1.0,24.16,1.0,-7.93,0.53,0.32,0.21,4.47,12.52,11.64
sparse_success_only_gamma1,slip,True,0.2,53,1.0,6,1.0,24.0,1.0,-6.78,0.42,0.2,0.22,4.2,9.67,14.33
sparse_success_only_gamma1,slip,True,0.2,55,1.0,15,1.0,22.03,1.0,-5.35,0.48,0.25,0.23,3.92,10.82,11.21
sparse_success_only_gamma1,slip,True,0.2,58,1.0,1,1.0,23.07,1.0,-6.39,0.48,0.25,0.23,4.25,11.24,11.83
sparse_success_only_gamma1,slip,True,0.2,56,1.0,22,0.99,31.28,0.99,-20.3,1.09,0.57,0.52,5.59,17.555555555555557,12.02020202020202
sparse_success_only_gamma1,slip,True,0.2,59,1.0,38,1.0,24.84,1.0,-11.31,0.83,0.42,0.41,4.31,13.01,11.83
sparse_success_only_gamma1,slip,True,0.2,61,1.0,12,1.0,25.09,1.0,-7.6,0.39,0.18,0.21,4.69,13.59,11.5
sparse_success_only_gamma1,slip,True,0.2,62,1.0,18,1.0,20.87,1.0,-3.11,0.36,0.23,0.13,3.84,9.17,11.7
sparse_success_only_gamma1,slip,True,0.2,60,1.0,3,0.99,34.11,0.99,-35.01,2.41,1.25,1.16,5.99,16.06,18.181818181818183
sparse_success_only_gamma1,slip,True,0.2,64,1.0,4,1.0,23.0,1.0,-4.34,0.26,0.1,0.16,4.3,12.06,10.94
sparse_success_only_gamma1,slip,True,0.2,63,1.0,5,1.0,24.55,1.0,-8.23,0.52,0.28,0.24,4.26,14.17,10.38
sparse_success_only_gamma1,slip,True,0.2,65,1.0,26,1.0,28.35,1.0,-13.92,0.73,0.34,0.39,5.47,11.46,16.89
sparse_success_only_gamma1,slip,True,0.2,67,1.0,91,1.0,20.64,1.0,-3.69,0.45,0.24,0.21,3.55,9.63,11.01
sparse_success_only_gamma1,slip,True,0.2,66,1.0,10,0.99,34.81,0.99,-27.07,1.45,0.66,0.79,6.28,14.16,19.98989898989899
sparse_success_only_gamma1,slip,True,0.2,68,1.0,11,0.98,29.55,0.98,-37.77,3.2,1.68,1.52,4.83,14.346938775510203,11.724489795918368
sparse_success_only_gamma1,slip,True,0.2,70,1.0,2,1.0,27.93,1.0,-11.61,0.52,0.3,0.22,5.07,16.59,11.34
sparse_success_only_gamma1,slip,True,0.2,71,1.0,6,1.0,21.88,1.0,-4.39,0.39,0.19,0.2,3.73,10.48,11.4
sparse_success_only_gamma1,slip,True,0.2,69,1.0,19,0.97,31.25,0.97,-24.2,1.48,0.65,0.83,5.58,14.958762886597938,11.072164948453608
sparse_success_only_gamma1,slip,True,0.2,75,1.0,13,1.0,20.87,1.0,-2.93,0.34,0.19,0.15,3.68,9.92,10.95
sparse_success_only_gamma1,slip,True,0.2,74,1.0,7,1.0,23.32,1.0,-5.47,0.35,0.23,0.12,4.27,12.24,11.08
sparse_success_only_gamma1,slip,True,0.2,76,1.0,41,1.0,21.69,1.0,-3.48,0.31,0.15,0.16,4.13,9.05,12.64
sparse_success_only_gamma1,slip,True,0.2,72,1.0,83,1.0,25.8,1.0,-12.72,0.88,0.46,0.42,4.64,13.99,11.81
sparse_success_only_gamma1,slip,True,0.2,77,1.0,25,1.0,21.61,1.0,-7.45,0.76,0.42,0.34,3.76,11.1,10.51
sparse_success_only_gamma1,slip,True,0.2,73,1.0,37,0.99,31.86,0.99,-26.82,1.75,0.79,0.96,5.32,18.151515151515152,12.01010101010101
sparse_success_only_gamma1,slip,True,0.2,78,1.0,4,0.97,32.41,0.97,-48.04,4.0,1.92,2.08,5.17,16.690721649484537,10.536082474226804
sparse_success_only_gamma1,slip,True,0.2,80,1.0,13,1.0,21.81,1.0,-4.5,0.41,0.26,0.15,3.54,11.35,10.46
sparse_success_only_gamma1,slip,True,0.2,81,1.0,27,1.0,23.86,1.0,-6.46,0.4,0.19,0.21,4.13,13.17,10.69
sparse_success_only_gamma1,slip,True,0.2,82,1.0,6,1.0,22.23,1.0,-4.74,0.39,0.24,0.15,4.18,10.85,11.38
sparse_success_only_gamma1,slip,True,0.2,79,1.0,18,1.0,21.58,1.0,-5.44,0.54,0.19,0.35,3.88,10.42,11.16
sparse_success_only_gamma1,slip,True,0.2,83,1.0,7,1.0,20.38,1.0,-2.26,0.32,0.12,0.2,3.62,9.25,11.13
sparse_success_only_gamma1,slip,True,0.2,85,1.0,0,1.0,24.8,1.0,-8.03,0.47,0.18,0.29,4.7,13.66,11.14
sparse_success_only_gamma1,slip,True,0.2,84,1.0,1,1.0,24.3,1.0,-8.43,0.57,0.32,0.25,4.58,11.93,12.37
sparse_success_only_gamma1,slip,True,0.2,86,1.0,22,1.0,22.66,1.0,-9.13,0.83,0.41,0.42,3.82,11.25,11.41
sparse_success_only_gamma1,slip,True,0.2,87,1.0,0,1.0,20.34,1.0,-5.28,0.66,0.3,0.36,3.55,9.09,11.25
sparse_success_only_gamma1,slip,True,0.2,88,1.0,8,1.0,25.87,1.0,-19.9,1.67,0.86,0.81,4.57,14.02,11.85
sparse_success_only_gamma1,slip,True,0.2,90,1.0,10,1.0,20.82,1.0,-2.16,0.26,0.18,0.08,3.85,9.66,11.16
sparse_success_only_gamma1,slip,True,0.2,92,1.0,0,1.0,19.86,1.0,-2.37,0.39,0.15,0.24,3.51,8.79,11.07
sparse_success_only_gamma1,slip,True,0.2,89,1.0,8,0.99,26.29,0.99,-14.68,1.02,0.51,0.51,4.52,15.1,11.282828282828282
sparse_success_only_gamma1,slip,True,0.2,91,1.0,22,1.0,20.31,1.0,-2.55,0.36,0.2,0.16,3.48,9.55,10.76
sparse_success_only_gamma1,slip,True,0.2,94,1.0,6,1.0,23.81,1.0,-6.68,0.43,0.21,0.22,4.34,12.66,11.15
sparse_success_only_gamma1,slip,True,0.2,93,1.0,3,1.0,30.1,1.0,-22.96,1.54,0.8,0.74,5.36,18.2,11.9
sparse_success_only_gamma1,slip,True,0.2,95,1.0,15,1.0,24.25,1.0,-7.57,0.48,0.26,0.22,4.15,12.63,11.62
sparse_success_only_gamma1,slip,True,0.2,97,1.0,1,1.0,23.22,1.0,-5.01,0.31,0.16,0.15,4.16,11.67,11.55
sparse_success_only_gamma1,slip,True,0.2,96,1.0,29,0.99,28.23,0.99,-16.62,1.02,0.58,0.44,4.93,17.25,11.080808080808081
sparse_success_only_gamma1,slip,True,0.2,98,1.0,34,1.0,22.38,1.0,-4.89,0.39,0.15,0.24,4.2,10.68,11.7
sparse_success_only_gamma1,slip,True,0.2,99,1.0,0,1.0,22.95,1.0,-6.0,0.45,0.26,0.19,4.0,8.95,14.0
